vmi;maku;muoto11;fra;suo;tkg;keskivuosi;totala;laji1;keskippa;biom1;biom2;biom3;biom4;biom5;biom6;biom7;biom8;biom9
12;1;2;1;1;1;2016;153.51512936;1;1.3651145405;4.9670294928;0.3078157262;0.5459300388;0.1841933666;0.1952406775;0.3827539185;1.2180116636;6.12599868;1.600765582
12;1;2;1;1;1;2016;153.51512936;2;13.280082118;38.412306566;4.3806015632;10.203753454;6.0845979024;1.6428673165;3.7913187524;13.601347871;63.57894491;17.392666624
12;1;2;1;1;1;2016;153.51512936;3;10.711616905;38.576725183;5.900952828;5.9969729388;1.5580913846;0.3442971113;3.3471079675;11.469174383;53.462294483;14.85061295
12;1;2;1;1;2;2016;105.75486689;1;4.2757164776;14.582942231;1.0043831376;2.184895942;0.755300299;0.5844915885;1.2233668148;3.7586028335;16.231366918;4.9819696483
12;1;2;1;1;2;2016;105.75486689;2;11.931253512;31.728096208;3.8171926694;9.9415203857;6.0050764158;1.2922772879;3.3033234293;12.212619683;55.982246699;15.515943112
12;1;2;1;1;2;2016;105.75486689;3;6.7422406689;22.395100819;3.7716085174;3.1807968393;0.9196822649;0.2304897262;2.0476146804;8.1156559977;30.80346746;10.120712976
12;1;2;1;1;3;2016;51.171709786;1;8.9892232683;26.623570532;1.9733097823;4.3942016743;1.5180463644;1.2804358448;2.3327509604;7.2345640316;31.850131448;9.5673149921
12;1;2;1;1;3;2016;51.171709786;2;7.2895222807;18.659192192;2.3589605968;5.5299109001;3.5946606497;0.8348208831;1.9367998846;7.3772819277;33.008142947;9.3140818123
12;1;2;1;1;3;2016;51.171709786;3;7.4807653054;20.927170074;3.7196168427;4.3327385103;1.7598094969;0.149239348;2.1974481046;8.65126494;30.463693216;10.834020528
12;1;2;1;1;4;2016;20.468683915;1;21.957186214;70.565194943;5.0701946405;9.3658408501;3.2689159511;2.554381822;5.6438821234;16.890199866;82.512272165;22.534081989
12;1;2;1;1;4;2016;20.468683915;2;1.1395269632;2.1263012819;0.4798488761;1.447615786;1.1614014698;0.1823715537;0.41460579;2.0865120211;5.9203474202;2.5011178111
12;1;2;1;1;4;2016;20.468683915;3;4.0880972551;10.099001024;1.5670550755;3.878552599;0.9558670278;0.0654064858;1.0778378483;2.6296719329;15.625667042;3.7055238007
12;1;2;1;1;5;2016;64.817499063;1;11.699693741;33.058095594;2.5360880053;5.5654343197;2.0926816944;1.4316152553;2.8393108603;8.4567354526;39.483819213;11.296046313
12;1;2;1;1;5;2016;64.817499063;2;2.3534010087;3.7116247789;0.6421137603;1.6432126256;1.6248462148;0.2867835741;0.4983023366;2.3483157303;8.0781877533;2.8466180669
12;1;2;1;1;5;2016;64.817499063;3;5.022214164;13.571005934;2.1940833225;2.5157912797;0.8362870383;0.1712276317;1.4019038141;4.9160447432;19.512578104;6.2994802289
12;1;2;1;1;6;2016;64.817499063;1;16.035471039;38.491937166;3.2841392361;7.3204429807;2.8142315361;1.683410429;3.5222456;10.196540057;47.135024489;13.718785657
12;1;2;1;1;6;2016;64.817499063;2;0.052344962;0.0865902425;0.0136225121;0.026787918;0.0203676115;0.0100400032;0.0099276827;0.0445347698;0.1651673104;0.0544624525
12;1;2;1;1;6;2016;64.817499063;3;0.8176108915;1.2213279078;0.2903767956;0.1923279518;0.1136493595;0.0042419633;0.2895016795;1.3159019344;1.8881142788;1.5998622469
12;1;2;2;1;1;2016;3.4114473191;1;0;0;0;0;0;0;0;0;0;0
12;1;2;2;1;1;2016;3.4114473191;2;0;0;0;0;0;0;0;0;0;0
12;1;2;2;1;1;2016;3.4114473191;3;0;0;0;0;0;0;0;0;0;0
12;2;2;1;1;1;2016;160.31864704;1;7.1957297349;21.967991703;1.740036028;3.5053871489;1.2203521687;0.908186483;1.9078580711;6.2263708544;27.524781116;8.1342289254
12;2;2;1;1;1;2016;160.31864704;2;10.223071525;27.017581611;3.6256132616;8.6279288954;5.7022265592;1.3917185835;3.1301273451;11.983220721;50.484395477;15.113348066
12;2;2;1;1;1;2016;160.31864704;3;7.7630736717;23.813669252;3.8992161057;3.4812852224;1.2408951043;0.2433195417;2.0078524919;8.1952283091;33.071936711;10.125035494
12;2;2;1;1;2;2016;297.25749139;1;6.0307335423;18.171667158;1.2311598733;3.0586943409;0.9550149587;0.7276157117;1.5920040958;5.1929376105;22.761563593;6.7849417063
12;2;2;1;1;2;2016;297.25749139;2;13.295305672;35.541025647;4.3780236264;10.078820318;6.661042504;1.7758095451;3.6493559868;13.82074405;61.706781549;17.470100037
12;2;2;1;1;2;2016;297.25749139;3;5.4603178456;17.838655739;2.8511814784;2.8078113914;0.7535025543;0.1553558522;1.4910014892;5.3128649176;24.602221299;6.7957847985
12;2;2;1;1;3;2016;70.13940808;1;12.477124348;39.123892033;2.650634408;6.621377501;2.1550517171;1.4330088179;3.2684384253;10.242870783;46.524274594;13.511309208
12;2;2;1;1;3;2016;70.13940808;2;5.184169978;12.111839533;1.6817162994;4.7816834831;3.2843549039;0.4852969643;1.3951193096;5.5472038092;23.327440932;6.9423231188
12;2;2;1;1;3;2016;70.13940808;3;6.9949606089;22.528461536;3.5527674665;4.0732066553;1.2180213602;0.3555895763;2.1063730334;6.7890037446;31.877892096;8.8920917341
12;2;2;1;1;4;2016;60.11949264;1;12.349161937;36.988928765;2.7965008214;5.4933333993;1.7837537218;1.6139712297;3.2689825873;10.192352074;45.748280643;13.461334661
12;2;2;1;1;4;2016;60.11949264;2;5.9866251899;14.303989183;1.8082956542;3.7145714548;3.1268188648;0.8808183166;1.3732964593;5.7565002842;25.495785619;7.1297967434
12;2;2;1;1;4;2016;60.11949264;3;4.3209567917;11.764639486;2.0570321352;1.6347609176;0.5611513005;0.1164986795;1.2207658754;5.0415362336;16.25759636;6.2068289903
12;2;2;1;1;5;2016;43.419633573;1;17.046981368;46.699311606;3.717545243;6.9307362145;2.3991259502;2.0391313835;4.0102617211;12.065919168;57.67061569;16.076180889
12;2;2;1;1;5;2016;43.419633573;2;2.2780160588;4.8243575737;0.9474309679;1.7705729236;1.5363605663;0.4412685702;0.727924218;3.5408877114;10.508512282;4.2688119294
12;2;2;1;1;5;2016;43.419633573;3;2.0803786096;5.2634012493;0.8868939095;0.649370998;0.1812460866;0.0566012744;0.4310884842;1.7015922789;7.2831053341;2.1319732582
12;2;2;1;1;6;2016;123.57895709;1;14.798235068;32.725035501;3.3247136526;6.3807102576;2.3969805613;1.7503659912;3.2821264295;9.3812756799;44.65478754;12.663402109
12;2;2;1;1;6;2016;123.57895709;2;0.4301456749;0.7481468033;0.1299575446;0.3463656832;0.3180895668;0.0546143694;0.0934935911;0.4315970548;1.70795945;0.5250906459
12;2;2;1;1;6;2016;123.57895709;3;0.7873563442;1.5955769604;0.3814689108;0.3430366992;0.1147142466;0.0219586469;0.505954348;1.976877749;2.6632043347;2.4894782721
12;2;2;1;1;7;2016;10.01991544;1;9.7316221099;14.773072249;2.9459914195;3.768567288;2.0006753379;1.3064251348;1.8431123607;4.9563089192;25.844811941;6.7994212799
12;2;2;1;1;7;2016;10.01991544;2;0;0;0;0;0;0;0;0;0;0
12;2;2;1;1;7;2016;10.01991544;3;0.1434577402;0.2980766659;0.0535339713;0.0728081406;0.0373135189;0.0036968796;0.0286650985;0.1031988733;0.4563466554;0.1318012497
12;2;2;3;1;7;2016;3.3399718133;1;0;0;0;0;0;0;0;0;0;0
12;2;2;3;1;7;2016;3.3399718133;2;0;0;0;0;0;0;0;0;0;0
12;2;2;3;1;7;2016;3.3399718133;3;0;0;0;0;0;0;0;0;0;0
12;4;2;1;1;1;2016;283.93951444;1;2.8889928222;9.6777149726;0.620371099;1.3160190437;0.4338331151;0.3496720615;0.7498712731;2.4492049697;12.495875771;3.1990762428
12;4;2;1;1;1;2016;283.93951444;2;11.735217642;30.191357911;4.0560788975;9.8352693062;6.5625501444;1.4618933618;3.4215376922;13.08338398;55.734572652;16.504921673
12;4;2;1;1;1;2016;283.93951444;3;6.6701780223;20.98541716;3.4122099907;3.8089522375;1.0577243232;0.1916741564;2.0038549547;6.6279472672;29.760766682;8.629424924
12;4;2;1;1;2;2016;270.25568241;1;5.0383921276;15.562942795;1.0551078442;2.3266798776;0.7915610704;0.6007893201;1.2803693642;4.0399058029;19.062760893;5.3202751671
12;4;2;1;1;2;2016;270.25568241;2;12.29355027;32.499511485;4.027145653;9.8681523382;6.1951195998;1.4600226644;3.4165889813;12.646833367;57.157882011;16.063422348
12;4;2;1;1;2;2016;270.25568241;3;4.3457706303;12.126282529;2.1376084374;2.5467550769;0.6623937518;0.1241589966;1.3324814078;4.5616726748;17.770597727;5.9008533797
12;4;2;1;1;3;2016;208.67843832;1;9.3802787538;28.119580198;1.9961531089;3.8179904181;1.3108279346;1.2262713529;2.3553111297;7.3242140528;33.612398573;9.6795251825
12;4;2;1;1;3;2016;208.67843832;2;4.9760922198;10.023574808;1.58423898;4.182683169;3.1684721006;0.5928079537;1.3249048478;5.5638217877;21.50622404;6.8887266355
12;4;2;1;1;3;2016;208.67843832;3;5.8304284168;17.297707755;3.0624353466;4.0277494397;1.0081154071;0.1406538797;2.0092804441;6.54331594;25.504313671;8.5586322058
12;4;2;1;1;4;2016;164.20598425;1;12.447094851;33.504111473;2.856658989;5.8258292256;2.2500096329;1.4405918517;3.0155290831;8.8208496408;43.929228892;11.836378724
12;4;2;1;1;4;2016;164.20598425;2;1.4212780753;2.6413835964;0.3775759112;0.9326031538;0.7778553578;0.141194007;0.2808496799;1.1658493711;5.0388594144;1.446699051
12;4;2;1;1;4;2016;164.20598425;3;2.3192438557;5.1106448288;0.9843880351;1.0486591117;0.4400604866;0.0591352074;0.6287858388;2.2509795708;7.8009026676;2.8750390393
12;4;2;1;1;5;2016;184.73173228;1;14.451917585;38.799227231;3.2412433097;6.0416048972;2.3862409617;1.6420642495;3.3737218709;9.8620806068;47.889723769;13.235802478
12;4;2;1;1;5;2016;184.73173228;2;0.5103638721;0.7334302727;0.1333079389;0.3649348238;0.3108557294;0.0250261508;0.1032012603;0.4144392398;1.7132821206;0.5176405
12;4;2;1;1;5;2016;184.73173228;3;3.7047596714;8.8590551894;1.6987589309;1.7093266228;0.6623427008;0.1277533086;1.171303591;4.1458205631;13.300161174;5.304119215
12;4;2;1;1;6;2016;270.25568241;1;13.545802974;29.691844247;3.1200551175;6.0410300934;2.2532977743;1.5025430167;3.008426476;8.5380513732;39.652458723;11.546477849
12;4;2;1;1;6;2016;270.25568241;2;0.1053968196;0.1402348833;0.0220619708;0.0433836474;0.0329858139;0.0162600154;0.0160781098;0.0721250809;0.2674922464;0.0882031906
12;4;2;1;1;6;2016;270.25568241;3;1.3034391123;2.7757902781;0.5247967672;0.5539658067;0.2046365173;0.0412415709;0.3957411683;1.4032973787;4.2074048973;1.8004027716
12;4;2;1;1;7;2016;6.8419160105;1;10.306438343;18.039896194;2.2702580921;5.8699160505;2.1690241284;1.129179468;2.1478635681;5.8152009601;29.072295391;7.9630645281
12;4;2;1;1;7;2016;6.8419160105;2;0;0;0;0;0;0;0;0;0;0
12;4;2;1;1;7;2016;6.8419160105;3;2.4116831048;4.5054655975;0.8091725841;1.1005040322;0.5639984443;0.0558787918;0.4332765015;1.5598637082;6.8977360257;1.992192158
12;4;2;2;1;6;2016;10.262874016;1;8.072506483;10.858981999;1.5744842282;2.8039556016;1.3593459603;0.6949877148;1.2009861792;2.9285759715;17.317208785;4.1295621507
12;4;2;2;1;6;2016;10.262874016;2;0;0;0;0;0;0;0;0;0;0
12;4;2;2;1;6;2016;10.262874016;3;0;0;0;0;0;0;0;0;0;0
12;4;2;3;1;1;2016;0;1;;;;;;;;;;
12;4;2;3;1;1;2016;0;2;;;;;;;;;;
12;4;2;3;1;1;2016;0;3;;;;;;;;;;
12;4;2;3;1;6;2016;13.683832021;1;0.6475579769;0.8514184023;0.0745890585;0.1448014258;0.0561015617;0.0378154938;0.075862802;0.2212938998;1.0850759493;0.2971567018
12;4;2;3;1;6;2016;13.683832021;2;0;0;0;0;0;0;0;0;0;0
12;4;2;3;1;6;2016;13.683832021;3;0;0;0;0;0;0;0;0;0;0
12;5;2;1;1;1;2016;141.43911745;1;1.7035651939;5.9981473452;0.3313298259;0.7854906649;0.2845649455;0.2241723744;0.4076739802;1.2751925151;6.472728111;1.6828664953
12;5;2;1;1;1;2016;141.43911745;2;12.611458201;39.408124701;4.4978386487;10.553318335;6.8662263838;1.7359650983;3.7176920367;13.835552818;64.763881847;17.553244854
12;5;2;1;1;1;2016;141.43911745;3;7.7036006883;25.629247641;3.8540298146;4.8600125062;1.0206582825;0.1511840542;2.1762624509;7.5113859857;35.238545032;9.662431625
12;5;2;1;1;2;2016;162.13752488;1;2.6277646441;9.1413286071;0.5533014847;1.1997310918;0.355992744;0.3094583198;0.7266855789;2.3844635374;10.88394837;3.1111491163
12;5;2;1;1;2;2016;162.13752488;2;14.481652065;39.954132418;4.9647776893;10.250549839;7.1571871089;1.9789986378;3.9426885295;15.529125464;66.196246624;19.471813994
12;5;2;1;1;2;2016;162.13752488;3;6.7458333559;22.58150176;3.6642264989;3.5616592596;0.9232802335;0.2093893624;1.9719393098;7.2078094022;31.417385388;9.1537363906
12;5;2;1;1;3;2016;103.49203716;1;7.2569217949;22.322688574;1.6556681861;3.4395113954;1.1867589128;0.8310469005;1.8735799973;5.842030366;27.538577721;7.7156103633
12;5;2;1;1;3;2016;103.49203716;2;7.6107851424;18.397656131;2.5024913468;5.5635355515;3.6350077424;0.9577714787;2.0769978033;8.196439583;33.50811758;10.273437386
12;5;2;1;1;3;2016;103.49203716;3;4.9796886274;15.019074134;2.5201084319;2.3322668105;0.7322658141;0.1016877619;1.2614734835;5.4969868198;20.635114891;6.6966518083
12;5;2;1;1;4;2016;65.544956868;1;8.34378965;26.046904017;1.8242344709;4.2433870361;1.2731274423;0.8332785967;2.2118726717;7.1883706296;31.675005618;9.4002433013
12;5;2;1;1;4;2016;65.544956868;2;3.4963624678;7.0056713665;0.8370587986;1.7834249481;1.1077972957;0.3581786863;0.6529855222;2.6678133899;11.859636755;3.3207989121
12;5;2;1;1;4;2016;65.544956868;3;7.4869308776;21.548124949;3.9406354803;3.1213269167;1.1218228263;0.2694326802;1.9181915667;8.0677185866;29.86270849;9.8820811583
12;5;2;1;1;5;2016;34.49734572;1;17.491249869;46.235037874;4.0861992691;7.5506902721;2.8865358298;1.9756514688;4.0998299044;11.766576503;59.728865774;15.866406407
12;5;2;1;1;5;2016;34.49734572;2;1.3056137923;2.1716367271;0.332537792;0.8296583973;0.6635191344;0.1237820211;0.2611798614;1.1177151825;4.3492141544;1.3788950439
12;5;2;1;1;5;2016;34.49734572;3;2.9873858444;7.068351608;1.2168542159;1.5348530641;1.0543725388;0.1452600054;0.7057733395;2.8095946566;10.704831621;3.5003693321
12;5;2;1;1;6;2016;65.544956868;1;15.766038787;34.837474204;3.5784974249;6.654867915;2.6089365855;1.7756141938;3.3889248582;9.5291933823;43.962475623;12.918118241
12;5;2;1;1;6;2016;65.544956868;2;0.0386634356;0.0394340571;0.0062038274;0.0121994841;0.0092756127;0.0045723172;0.0045211654;0.0202815768;0.0752188347;0.0248027422
12;5;2;1;1;6;2016;65.544956868;3;0.5592736004;1.0431425584;0.23529538;0.2134853033;0.0983804837;0.0164765197;0.1143408045;0.44060939;1.5800187724;0.5528287652
12;5;2;2;1;3;2016;3.449734572;1;0;0;0;0;0;0;0;0;0;0
12;5;2;2;1;3;2016;3.449734572;2;0;0;0;0;0;0;0;0;0;0
12;5;2;2;1;3;2016;3.449734572;3;0;0;0;0;0;0;0;0;0;0
12;6;2;1;1;1;2016;267.37643791;1;2.6794926128;8.5865873872;0.5495043257;1.3474471033;0.4679356634;0.3303818319;0.7137543822;2.2861229045;9.8215221405;2.9998772867
12;6;2;1;1;1;2016;267.37643791;2;10.693690438;27.785830191;3.6557192041;8.7382938995;6.0931518658;1.3895981018;3.0551968844;12.054414122;51.002002386;15.109611007
12;6;2;1;1;1;2016;267.37643791;3;6.315298161;20.278228402;3.1816885945;3.6095396229;0.9777109137;0.1921488473;1.7554967922;6.4462731006;28.454670377;8.2120864249
12;6;2;1;1;2;2016;353.07401416;1;4.5841922238;14.677654766;1.0313113109;2.0875441385;0.7258328023;0.5400156609;1.2187353117;3.8365697146;18.171463918;5.0553050262
12;6;2;1;1;2;2016;353.07401416;2;11.436716173;30.672224069;3.6926741938;8.4038013679;5.7216775203;1.5347274885;2.9742207569;11.537512134;51.885552073;14.511732891
12;6;2;1;1;2;2016;353.07401416;3;5.0613947748;16.31685744;2.6274737638;3.071920661;0.7632740512;0.1801400191;1.5707269544;5.2494123529;22.963597546;6.8060774758
12;6;2;1;1;3;2016;174.82305556;1;7.7027329736;25.609888159;1.6244366614;3.2736483451;1.032194049;0.8872390398;2.0015133652;6.4191846312;30.289948329;8.4206979965
12;6;2;1;1;3;2016;174.82305556;2;6.880892495;16.524885506;2.2683597473;5.1986118328;4.3875148158;0.9350200092;1.6627753991;7.250100686;30.664729354;8.9128760851
12;6;2;1;1;3;2016;174.82305556;3;6.8417087816;21.336778914;3.3906192767;3.7076062018;0.8869971506;0.208679747;1.929168335;6.6321029802;29.910907741;8.5829416975
12;6;2;1;1;4;2016;202.24627996;1;10.267606319;29.198161386;2.2261275612;5.0362351362;1.8509728939;1.1055413005;2.5519235995;7.7525384307;35.427570943;10.30446203
12;6;2;1;1;4;2016;202.24627996;2;3.8747573588;8.9932468906;1.2444236724;3.4590486249;2.5103132532;0.3870591867;1.0068606488;4.086249019;17.432313105;5.0931096678
12;6;2;1;1;4;2016;202.24627996;3;4.854068526;14.024007021;2.3682575254;2.7351231848;1.0515918314;0.2613104121;1.2591642781;4.5617062974;20.098521537;5.8173500068
12;6;2;1;1;5;2016;287.94385621;1;10.696186245;30.016357565;2.3198372718;4.6121087406;1.6548746053;1.2475841672;2.5694733794;7.7298035991;37.656704704;10.299276979
12;6;2;1;1;5;2016;287.94385621;2;1.1855615981;2.2073038852;0.2840437408;0.7524073983;0.4560357695;0.0847357757;0.2349989957;0.8862459871;3.9812019974;1.1212449828
12;6;2;1;1;5;2016;287.94385621;3;2.8851457909;7.5669434545;1.3138210584;1.5707372548;0.5836222239;0.0928211326;0.7620598577;2.7586617404;11.057417115;3.5158341672
12;6;2;1;1;6;2016;294.79966231;1;11.872754878;26.729087965;2.741158985;5.1107614847;2.0232418644;1.1659608468;2.5343531648;7.2297871761;35.361164325;9.7641403409
12;6;2;1;1;6;2016;294.79966231;2;0.5309774994;0.9966889228;0.1447700836;0.1955553091;0.0949635133;0.1471006499;0.1066972079;0.4666685736;1.6254524767;0.5733657815
12;6;2;1;1;6;2016;294.79966231;3;1.3287358639;2.7519199796;0.5315743613;0.6026653467;0.2155797641;0.0399442627;0.430628586;1.6107500833;4.2546709797;2.0310574387
12;6;2;1;1;7;2016;13.7116122;1;4.4685178863;5.4120274606;1.5140308261;1.3708202509;0.9264981267;0.7312149051;0.6067445178;1.3594946694;7.6365498922;1.9662391872
12;6;2;1;1;7;2016;13.7116122;2;0;0;0;0;0;0;0;0;0;0
12;6;2;1;1;7;2016;13.7116122;3;1.7207024295;2.3205564105;0.4167672767;0.5668185965;0.290489446;0.0287805746;0.2231606349;0.8034134651;3.5527039783;1.0260858025
12;6;2;2;1;5;2016;3.4279030501;1;4.7053512566;6.2329930002;0.5460453733;1.0600502299;0.4107036452;0.276836521;0.5553700888;1.6200299695;7.943533729;2.1754000583
12;6;2;2;1;5;2016;3.4279030501;2;0;0;0;0;0;0;0;0;0;0
12;6;2;2;1;5;2016;3.4279030501;3;0;0;0;0;0;0;0;0;0;0
12;6;2;2;1;7;2016;3.4279030501;1;4.5431987688;6.2038343033;1.0342732956;2.3943341323;1.0265021035;0.3007928528;0.7846734909;1.9696718645;8.1162250439;2.7543453554
12;6;2;2;1;7;2016;3.4279030501;2;0;0;0;0;0;0;0;0;0;0
12;6;2;2;1;7;2016;3.4279030501;3;0;0;0;0;0;0;0;0;0;0
12;7;2;1;1;1;2016;104.77284301;1;1.3423367184;4.136923584;0.3574656311;0.5087503523;0.2097236968;0.1738743672;0.3465802644;0.9786760315;5.5287562784;1.3252562959
12;7;2;1;1;1;2016;104.77284301;2;10.573091648;28.10853758;3.4508672723;7.8665465609;5.2002915912;1.3701173509;2.84339636;11.056011347;47.980067776;13.899407707
12;7;2;1;1;1;2016;104.77284301;3;8.029602226;27.49291843;4.4523588396;5.2553508457;1.7123258545;0.2304315582;2.2069620917;8.5772631606;39.147068844;10.770064718
12;7;2;1;1;2;2016;87.873997361;1;2.2364540114;5.2274648967;0.7590943099;0.844050404;0.4609197937;0.29303324;0.4698059747;1.1219543243;7.6347990672;1.591760299
12;7;2;1;1;2;2016;87.873997361;2;14.201916553;39.0126394;4.6146136641;10.43905734;7.207111898;1.8600406329;3.8213909128;14.84620525;66.362915783;18.667596162
12;7;2;1;1;2;2016;87.873997361;3;5.8275705066;19.054121776;2.9150570112;3.0038567449;1.0184769607;0.2604744429;1.6507381939;6.4677354487;26.489434769;8.0725370349
12;7;2;1;1;3;2016;43.936998681;1;2.9751187085;10.27602214;0.5824146952;1.5114601728;0.4868583233;0.3887699531;0.8278821819;2.6927499611;11.558292734;3.520632143
12;7;2;1;1;3;2016;43.936998681;2;8.7975596412;19.231379906;2.667571463;6.3578344992;5.1318299747;1.0647078982;2.0008313666;8.5228549755;36.610286187;10.523686342
12;7;2;1;1;3;2016;43.936998681;3;7.4362768096;21.899897274;3.5707456574;3.2058345613;1.0337564545;0.2326031432;1.8844587482;7.4035885955;30.639784744;9.2661971622
12;7;2;1;1;4;2016;40.557229551;1;16.779204301;44.665427067;3.9285752971;7.3937652465;2.9752888421;1.9661950161;3.9342850169;11.379615627;60.991370316;15.313900644
12;7;2;1;1;4;2016;40.557229551;2;1.4999688587;2.0319011747;0.3643218437;1.0307041534;1.251752497;0.086424156;0.2773717514;1.3162674021;4.930619571;1.5936391535
12;7;2;1;1;4;2016;40.557229551;3;4.6987258959;13.682619225;2.1008208274;2.5351582798;0.6148457451;0.1425368152;1.105444719;3.7207636812;19.041342281;4.8513613498
12;7;2;1;1;5;2016;20.278614776;1;9.1947495725;24.309493382;1.746342971;4.8718064042;1.8808564015;1.2809267809;2.3944937093;7.2457249553;29.382213554;9.6402186646
12;7;2;1;1;5;2016;20.278614776;2;1.9113049683;2.3536526766;0.3604094803;0.8991962988;0.719132057;0.1341568236;0.2830706777;1.2113965923;4.7137439738;1.49446727
12;7;2;1;1;5;2016;20.278614776;3;6.707418075;14.634845403;2.6026556843;2.6849424416;1.2435676765;0.2903351107;1.4897889056;5.6741140505;21.471030917;7.1175957191
12;7;2;1;1;6;2016;33.797691293;1;14.283135301;35.157295912;3.4108422826;6.6292298632;2.6641344484;1.4545176026;3.2271307644;8.9524560908;45.507870649;12.179586855
12;7;2;1;1;6;2016;33.797691293;2;0.3179450257;0.4767419206;0.0750017832;0.1474868657;0.1121384345;0.0552774801;0.0546590745;0.2451961221;0.9093655179;0.2998551966
12;7;2;1;1;6;2016;33.797691293;3;0.6511387645;0.9924948827;0.1992403704;0.1945244455;0.0806836159;0.0137152191;0.1541649333;0.5857413462;1.5165382968;0.7381924796
12;7;2;3;1;2;2016;3.3797691293;1;0;0;0;0;0;0;0;0;0;0
12;7;2;3;1;2;2016;3.3797691293;2;0;0;0;0;0;0;0;0;0;0
12;7;2;3;1;2;2016;3.3797691293;3;0;0;0;0;0;0;0;0;0;0
12;8;2;1;1;1;2016;68.336031851;1;1.7655277778;5.8507107748;0.4737512544;0.8977904125;0.3483879568;0.2457297989;0.4933020562;1.478947;8.0221098878;1.9722490562
12;8;2;1;1;1;2016;68.336031851;2;11.719980069;35.009068753;4.0451339785;9.077760898;6.7013038785;1.6210959418;3.16501556;12.082692534;56.729633943;15.247708094
12;8;2;1;1;1;2016;68.336031851;3;10.063902199;34.557588735;5.6267777048;5.718142342;1.5063517624;0.2603033577;2.9089776224;10.605328171;48.274354489;13.524600839
12;8;2;1;1;2;2016;105.92084937;1;5.7494526902;17.259435641;1.2188476189;2.6188763124;0.9422861904;0.9391913338;1.4147754187;4.4815467103;21.101891208;5.896322129
12;8;2;1;1;2;2016;105.92084937;2;9.7268395168;23.378838486;3.2134520237;7.2636078629;5.9852762217;1.2692499493;2.535343286;10.66799027;43.957465214;13.203333556
12;8;2;1;1;2;2016;105.92084937;3;5.7865811466;17.516723266;3.109134012;2.9727131877;1.0619995788;0.1498180434;1.4749583763;6.1219902428;24.598650156;7.5386776716
12;8;2;1;1;3;2016;68.336031851;1;4.2295434425;11.792119975;1.1350651736;2.9499448585;1.4872000422;0.4644628824;1.147928604;3.2186322213;15.665176549;4.3665608253
12;8;2;1;1;3;2016;68.336031851;2;5.8287913956;11.049388569;1.4790588744;3.4814064875;2.855397941;0.5800932955;1.1151734127;4.7145071557;20.797990981;5.8296805684
12;8;2;1;1;3;2016;68.336031851;3;8.179296837;28.486176921;4.532951607;4.549610225;1.2442984959;0.222016226;2.3206503273;8.763584761;39.534604169;11.076751075
12;8;2;1;1;4;2016;99.087246184;1;16.715234394;45.580813417;3.9261618857;6.6141835198;2.6975774223;2.8109394927;3.8779009147;11.055535752;55.616384436;14.933436666
12;8;2;1;1;4;2016;99.087246184;2;3.1541101243;6.7620189698;0.9491193881;2.0091579985;1.4363818979;0.4451553994;0.7404623454;3.2022756195;12.372037065;3.942737965
12;8;2;1;1;4;2016;99.087246184;3;2.1948594694;6.0242015729;1.1299249305;1.3526101823;0.5477537574;0.0722496689;0.7646808989;2.5130488268;9.1685223665;3.2735224167
12;8;2;1;1;5;2016;37.584817518;1;13.417656318;42.504542493;2.9363084928;5.8027894057;2.2283068775;1.6074269149;3.3387127202;10.072310268;49.714746114;13.411022988
12;8;2;1;1;5;2016;37.584817518;2;2.4300338872;3.6875986231;0.5863082008;1.3414188883;1.2693700707;0.2807763905;0.4106523213;1.937323092;7.7324466335;2.3479754133
12;8;2;1;1;5;2016;37.584817518;3;5.93876947;11.974755499;2.36187498;2.3880802115;0.9347532402;0.1721484757;1.8763134047;6.6461589473;18.572989451;8.5065575693
12;8;2;1;1;6;2016;58.085627074;1;14.865617068;36.297785081;3.2981590612;5.3659381719;2.0414644199;1.2782543275;3.2249831878;9.072353785;42.728682523;12.297336973
12;8;2;1;1;6;2016;58.085627074;2;0.0517035323;0.0727719827;0.0114486019;0.0225130436;0.0171173036;0.0084377976;0.0083434014;0.037427814;0.1388095505;0.0457712155
12;8;2;1;1;6;2016;58.085627074;3;0.6735795689;1.4218262036;0.257407115;0.2177489453;0.1248778726;0.0130319488;0.1615273697;0.7340922418;2.0416729954;0.8861977817
12;8;2;3;1;4;2016;3.4168015926;1;0;0;0;0;0;0;0;0;0;0
12;8;2;3;1;4;2016;3.4168015926;2;0;0;0;0;0;0;0;0;0;0
12;8;2;3;1;4;2016;3.4168015926;3;0;0;0;0;0;0;0;0;0;0
12;8;2;3;1;6;2016;3.4168015926;1;0;0;0;0;0;0;0;0;0;0
12;8;2;3;1;6;2016;3.4168015926;2;0;0;0;0;0;0;0;0;0;0
12;8;2;3;1;6;2016;3.4168015926;3;0;0;0;0;0;0;0;0;0;0
12;8;2;3;1;7;2016;3.4168015926;1;0;0;0;0;0;0;0;0;0;0
12;8;2;3;1;7;2016;3.4168015926;2;0;0;0;0;0;0;0;0;0;0
12;8;2;3;1;7;2016;3.4168015926;3;0;0;0;0;0;0;0;0;0;0
12;9;2;1;1;1;2016;113.69759379;1;6.3773137301;21.660690681;1.3676307656;3.0218256465;1.0638811316;0.9624494527;1.6619119418;5.2346575368;26.061954093;6.8965694786
12;9;2;1;1;1;2016;113.69759379;2;6.9010374747;20.152219554;2.4539095026;5.4673567679;3.8629184804;1.0356492313;2.004983714;7.7216499767;34.327502842;9.7266336907
12;9;2;1;1;1;2016;113.69759379;3;7.427262338;21.487715628;4.0565834519;4.5058905053;0.9723393687;0.3816993369;3.6439658064;10.688311042;32.453264159;14.346111292
12;9;2;1;1;2;2016;151.59679172;1;4.4887435684;13.756991537;1.014334165;2.1183490416;0.7249368729;0.5484363545;1.1486382571;3.5720693526;18.01321213;4.7207076097
12;9;2;1;1;2;2016;151.59679172;2;10.056909456;30.393035163;3.5081213382;7.815529928;5.1937841189;1.4814733043;2.9177684518;11.194877987;50.454193095;14.112646439
12;9;2;1;1;2;2016;151.59679172;3;5.2142808292;16.52156435;3.0316438531;3.0525507087;0.6995350209;0.1850450915;2.0504911331;6.7738875032;23.738235655;8.8427974013
12;9;2;1;1;3;2016;72.35301423;1;12.947061862;40.10235197;2.715620661;6.319568569;2.2774071567;1.6153867841;3.4179903249;10.73233087;48.771107887;14.150321195
12;9;2;1;1;3;2016;72.35301423;2;4.2053933537;7.3554655342;1.0801427521;2.332376803;2.277284747;0.4703109878;0.7596931149;3.4493987257;14.590605;4.2090918406
12;9;2;1;1;3;2016;72.35301423;3;5.8780412569;16.902844966;2.7031368388;4.3485205392;0.8692978315;0.1880621477;2.0081951661;6.3096774134;24.627698606;8.295948435
12;9;2;1;1;4;2016;96.47068564;1;14.539501378;43.405992162;3.288877136;5.9659374027;2.2231367777;1.9032002328;3.5374735026;10.40173092;53.51545836;13.939204422
12;9;2;1;1;4;2016;96.47068564;2;2.3077110843;5.7102337514;0.6523669447;1.1875044994;0.7465016149;0.2628578138;0.5125531169;1.9178479611;8.622420697;2.430401078
12;9;2;1;1;4;2016;96.47068564;3;2.3518945034;5.5927988411;1.0534953217;0.9951927136;0.5329666683;0.0964766304;0.6060250967;2.5076245112;8.175890614;3.0857433547
12;9;2;1;1;5;2016;55.12610608;1;15.151567926;43.955334044;3.0214411089;6.305474018;2.2886901587;1.6491301297;3.5489460098;10.909574306;54.055676641;14.458520316
12;9;2;1;1;5;2016;55.12610608;2;0.8843095131;1.5189153279;0.232588049;0.5802908198;0.464087465;0.0865772838;0.1826779267;0.7817673655;3.0419857802;0.9644452922
12;9;2;1;1;5;2016;55.12610608;3;2.9458781416;6.6238901592;1.2004453819;1.3771900933;0.6534816563;0.0949939688;0.6110521728;2.367306244;9.6902677829;2.971963804
12;9;2;1;1;6;2016;124.03373868;1;12.555051233;26.099132582;3.0062901637;5.0382250769;2.1120054179;1.5070749579;2.5973702275;6.9761770627;33.643245897;9.5735472903
12;9;2;1;1;6;2016;124.03373868;2;0.2088687222;0.4426668461;0.0696410393;0.1369452588;0.1041233527;0.0513265285;0.0507523234;0.2276707572;0.8443687211;0.2784230806
12;9;2;1;1;6;2016;124.03373868;3;0.6184561117;0.9558933708;0.228942306;0.1920603828;0.0913210314;0.0142948207;0.2078915721;0.7760362376;1.5447653431;0.9841559293
12;9;2;2;1;2;2016;3.44538163;1;0;0;0;0;0;0;0;0;0;0
12;9;2;2;1;2;2016;3.44538163;2;0;0;0;0;0;0;0;0;0;0
12;9;2;2;1;2;2016;3.44538163;3;0;0;0;0;0;0;0;0;0;0
12;9;2;2;1;3;2016;3.44538163;1;0;0;0;0;0;0;0;0;0;0
12;9;2;2;1;3;2016;3.44538163;2;0;0;0;0;0;0;0;0;0;0
12;9;2;2;1;3;2016;3.44538163;3;0;0;0;0;0;0;0;0;0;0
12;9;2;3;1;1;2016;3.44538163;1;0;0;0;0;0;0;0;0;0;0
12;9;2;3;1;1;2016;3.44538163;2;0;0;0;0;0;0;0;0;0;0
12;9;2;3;1;1;2016;3.44538163;3;0;0;0;0;0;0;0;0;0;0
12;10;2;1;1;1;2016;370.85836185;1;1.7282121972;5.2579617845;0.317567295;0.8375528602;0.259523211;0.2222918031;0.4292600297;1.4255147213;6.5914177653;1.854774751
12;10;2;1;1;1;2016;370.85836185;2;9.2437737859;23.27336777;3.0165171439;7.254703257;4.9490784996;1.0983583794;2.5615341976;9.7070509876;42.724318966;12.268585185
12;10;2;1;1;1;2016;370.85836185;3;7.2915796225;22.536989638;3.3846076621;3.7521967483;1.2110652125;0.3311251715;1.9945002744;7.5139455449;31.520732702;9.4770990132
12;10;2;1;1;2;2016;491.13674947;1;4.0645696229;12.113066586;0.8941433819;1.8550986148;0.728615719;0.4956772084;1.0090490939;3.1011595053;14.978713195;4.1102085992
12;10;2;1;1;2;2016;491.13674947;2;9.3775425081;22.654065579;3.0375997057;7.4587758662;5.1936086276;1.1388079105;2.5371081547;9.9663006381;42.603278362;12.503408793
12;10;2;1;1;2;2016;491.13674947;3;4.7895294207;12.884807342;2.1511055635;2.6131533839;0.9503649782;0.1584736475;1.5461109336;5.5912958732;18.959162954;7.0995030338
12;10;2;1;1;3;2016;300.69596906;1;11.384184749;34.520057497;2.3862510609;5.1602629036;1.8580441968;1.4070326389;2.8461503918;8.785036326;42.309451355;11.631186718
12;10;2;1;1;3;2016;300.69596906;2;5.5836785975;12.912368345;1.7975046013;4.2096856849;3.1303644318;0.7112785715;1.4844631354;6.2048732571;24.480192831;7.6893363925
12;10;2;1;1;3;2016;300.69596906;3;5.1518829946;14.289688453;2.3653828271;2.5559081568;0.8393685788;0.1985911314;1.3837434649;5.1106582045;20.363126774;6.4817320564
12;10;2;1;1;4;2016;367.51729552;1;12.746151229;36.436212234;2.802735392;5.5745632276;2.117539674;1.6121848793;3.0317817376;8.9934708746;45.850305634;12.025252612
12;10;2;1;1;4;2016;367.51729552;2;3.00302062;6.700590443;0.9746055453;2.3538190596;1.9683158947;0.382898493;0.7955525617;3.4510063583;13.10574343;4.24655892
12;10;2;1;1;4;2016;367.51729552;3;2.3888191635;5.6031324512;0.9304527225;1.1220119241;0.3951077878;0.0788991874;0.6117955811;2.1882277972;8.1149540761;2.7947964077
12;10;2;1;1;5;2016;133.64265292;1;13.406361977;36.41360901;2.819662411;5.8440048134;2.1495196019;1.5428322128;3.0857387844;9.2935237256;45.314655776;12.37926251
12;10;2;1;1;5;2016;133.64265292;2;0.2754207912;0.4067078715;0.0622782512;0.1553798555;0.1242650078;0.0231821104;0.0489142149;0.209327627;0.8145283277;0.2582418419
12;10;2;1;1;5;2016;133.64265292;3;2.4225855325;6.4098985635;0.9842239099;0.932084735;0.4107880829;0.058329043;0.4715022127;2.217411101;8.6738131365;2.6662270849
12;10;2;1;1;6;2016;183.75864776;1;12.95840981;29.350521715;3.0449828605;5.4104089767;2.270454208;1.4759478293;2.7219476647;7.4812325009;39.26025603;10.203180166
12;10;2;1;1;6;2016;183.75864776;2;0.3991278618;0.6738182835;0.1060061443;0.2084552299;0.1584944059;0.0781281761;0.077254133;0.3465557003;1.2852805384;0.4238098333
12;10;2;1;1;6;2016;183.75864776;3;0.92366255;1.8845549375;0.3247257368;0.3015330445;0.1455034014;0.0218044748;0.1973847413;0.8581011664;2.7060998952;1.0424418952
12;10;2;1;1;7;2016;3.3410663229;1;0;0;0;0;0;0;0;0;0;0
12;10;2;1;1;7;2016;3.3410663229;2;0;0;0;0;0;0;0;0;0;0
12;10;2;1;1;7;2016;3.3410663229;3;0;0;0;0;0;0;0;0;0;0
12;10;2;2;1;3;2016;3.3410663229;1;0.3274382716;0.463125226;0.0405723842;0.0787640869;0.0305161932;0.0205695685;0.0412652313;0.1203718255;0.590222202;0.1616370568
12;10;2;2;1;3;2016;3.3410663229;2;0;0;0;0;0;0;0;0;0;0
12;10;2;2;1;3;2016;3.3410663229;3;0;0;0;0;0;0;0;0;0;0
12;10;2;2;1;7;2016;3.3410663229;1;0.2291760978;0.2039796014;0.0340064941;0.0787247528;0.0337509804;0.0098899492;0.0257997519;0.0647620266;0.2668582475;0.0905617785
12;10;2;2;1;7;2016;3.3410663229;2;0;0;0;0;0;0;0;0;0;0
12;10;2;2;1;7;2016;3.3410663229;3;0;0;0;0;0;0;0;0;0;0
12;10;2;3;1;3;2016;3.3410663229;1;2.6885185185;7.2687336116;0.6367820978;1.2361994848;0.4789505443;0.3228386307;0.6476563075;1.889231432;9.2635160362;2.5368877395
12;10;2;3;1;3;2016;3.3410663229;2;3.3878846358;7.1907538859;0.9462383609;2.2377601144;1.5991143546;0.3644154632;0.769727603;3.0627286807;13.053533338;3.8324562837
12;10;2;3;1;3;2016;3.3410663229;3;6.49246405;14.813501686;2.4864553634;2.765710959;0.8983925196;0.1918972383;1.4910490568;5.2863953977;21.28979501;6.764563015
12;10;2;3;1;5;2016;3.3410663229;1;9.8109259259;29.291325441;2.5660854638;4.9815997332;1.9300605872;1.3009654639;2.6099060291;7.6131683541;37.32984003;10.223074383
12;10;2;3;1;5;2016;3.3410663229;2;4.6249133315;8.5830397487;1.2784378538;2.9289728587;2.5663370032;0.6882606993;0.9709173476;4.4369155642;16.319432189;5.4078329118
12;10;2;3;1;5;2016;3.3410663229;3;3.7661419474;9.9193466049;1.6649684247;1.8519622296;0.6015773298;0.1284973168;0.9984291839;3.5398509651;14.255971365;4.5296545407
12;11;1;1;1;1;2016;505.22699884;1;2.4308076144;7.1643610637;0.5633678713;1.2418570849;0.4296322907;0.3337019242;0.6490961031;1.9875017462;9.6016555586;2.6365978493
12;11;1;1;1;1;2016;505.22699884;2;10.189941914;27.074723007;3.3487504603;7.803775812;5.3685739704;1.2791595635;2.7533569115;10.66434763;46.985238908;13.417704542
12;11;1;1;1;1;2016;505.22699884;3;6.8651471803;20.569227146;3.1516185647;3.7990040132;1.1581717859;0.248787746;1.9252096207;6.8007314723;29.222207192;8.7108204172
12;11;1;1;1;2;2016;641.24965238;1;4.0087660357;12.049277715;0.8562791848;1.8541843309;0.6482729841;0.487256285;1.0090721948;3.1289970968;15.094062335;4.1380692916
12;11;1;1;1;2;2016;641.24965238;2;9.377465195;22.731994055;2.8698402023;6.4291756079;4.6493044878;1.1629821143;2.2580086591;9.0663555916;39.215469607;11.324364251
12;11;1;1;1;2;2016;641.24965238;3;5.3092180195;15.134952037;2.4242191935;2.801949149;0.8018895273;0.2133863589;1.4931598499;4.9475093169;21.70449302;6.427019086
12;11;1;1;1;3;2016;314.79528389;1;7.5298868837;21.551918296;1.6909151596;3.3489039118;1.2317684448;0.8499678186;1.8082813731;5.4168032663;27.478259598;7.2250846393
12;11;1;1;1;3;2016;314.79528389;2;5.0718334752;9.3594059862;1.3797313552;3.7941239903;3.1796222985;0.4928927538;1.0785159451;4.634575829;18.738207251;5.7130917742
12;11;1;1;1;3;2016;314.79528389;3;4.5632452885;11.740997846;1.9198437365;2.1605714286;0.7625046507;0.2660577599;1.0805027869;3.7570559838;16.901454021;4.8204848249
12;11;1;1;1;4;2016;497.45427578;1;11.532558013;30.858430139;2.680150283;5.0078517291;1.9824688266;1.3536336641;2.6839251269;7.7292353908;38.477662496;10.413160518
12;11;1;1;1;4;2016;497.45427578;2;2.712474779;5.1804528798;0.6927475897;1.6421967027;1.2638897755;0.2842125877;0.5208766243;2.2214671562;9.407735065;2.7423437805
12;11;1;1;1;4;2016;497.45427578;3;2.9455410701;6.6973296757;1.2573900716;1.4142460627;0.4847204274;0.1161389094;1.0008934432;3.0424716322;10.288171146;4.0210180398
12;11;1;1;1;5;2016;260.38622248;1;12.239798431;32.146425265;2.7857063524;5.0057116777;1.9605086855;1.3619542292;2.7736540065;7.9100388889;40.949701612;10.683692895
12;11;1;1;1;5;2016;260.38622248;2;1.6763761862;2.6177879731;0.4676321849;1.1271717631;1.1046414397;0.1924567483;0.3467924853;1.6622660191;5.9746979793;2.0090585045
12;11;1;1;1;5;2016;260.38622248;3;3.119475028;7.0159226716;1.1708014864;1.2937344648;0.4557462152;0.0713099811;0.6667912872;2.4098921346;10.097267365;3.0713738408
12;11;1;1;1;6;2016;454.70429896;1;12.47382048;27.387224813;3.0187487992;5.2463842499;2.1139708415;1.4693043224;2.6873557205;7.4755956402;36.263915383;10.162951361
12;11;1;1;1;6;2016;454.70429896;2;0.4201674136;0.639521012;0.111766519;0.2757545796;0.2334687942;0.0415862103;0.0869140869;0.4101181484;1.386174176;0.4970322353
12;11;1;1;1;6;2016;454.70429896;3;0.9997739026;1.8346219274;0.3562504166;0.4413420906;0.2353700911;0.0268356907;0.2723579655;1.0034510937;2.9269081474;1.2713429901
12;11;1;1;1;7;2016;19.431807648;1;6.1129768735;8.4036626511;1.2602637497;2.5060222784;1.1680298859;0.6032594666;0.99684247;2.5549991825;12.871657836;3.5518416525
12;11;1;1;1;7;2016;19.431807648;2;0;0;0;0;0;0;0;0;0;0
12;11;1;1;1;7;2016;19.431807648;3;0.6528771189;0.6654840848;0.1195196068;0.1625509956;0.0833059271;0.0082536301;0.0639975181;0.2304011538;1.0188366656;0.294258639
12;11;1;2;1;6;2016;23.318169177;1;2.2814776811;3.1283161587;0.7100592662;1.0004354933;0.6823420093;0.2293379372;0.3420811742;0.7713776236;4.9406157379;1.1134587978
12;11;1;2;1;6;2016;23.318169177;2;0;0;0;0;0;0;0;0;0;0
12;11;1;2;1;6;2016;23.318169177;3;0.6059629914;0.8563831583;0.1437444395;0.1598884812;0.0519369586;0.0110937688;0.0861990181;0.3056117374;1.2307840696;0.3910660667
12;11;1;2;1;7;2016;3.8863615295;1;5.9724174812;6.7083675573;1.1183866432;2.589055837;1.1099834509;0.3252551433;0.8484878758;2.1298574701;8.7762854568;2.9783453459
12;11;1;2;1;7;2016;3.8863615295;2;0;0;0;0;0;0;0;0;0;0
12;11;1;2;1;7;2016;3.8863615295;3;0.2844444444;0.4553757902;0.0764351063;0.0850195882;0.0276171166;0.0058990344;0.0458357286;0.1625069165;0.6544608716;0.207946662
12;11;1;3;1;6;2016;7.7727230591;1;0.7154475309;1.0392517285;0.0910443182;0.1767463935;0.0684782532;0.0461580549;0.0925990651;0.2701140441;1.3244569917;0.3627131092
12;11;1;3;1;6;2016;7.7727230591;2;0;0;0;0;0;0;0;0;0;0
12;11;1;3;1;6;2016;7.7727230591;3;0;0;0;0;0;0;0;0;0;0
12;11;1;3;1;7;2016;3.8863615295;1;0;0;0;0;0;0;0;0;0;0
12;11;1;3;1;7;2016;3.8863615295;2;0;0;0;0;0;0;0;0;0;0
12;11;1;3;1;7;2016;3.8863615295;3;0;0;0;0;0;0;0;0;0;0
12;12;1;1;1;1;2016;460.92560554;1;3.1453464086;8.1537754562;0.6853247639;1.4487164643;0.5713161337;0.3780892035;0.7484994199;2.2141795773;10.690474733;2.9626789972
12;12;1;1;1;1;2016;460.92560554;2;5.8188618868;12.34722501;1.7121426462;4.3008626483;3.0705584747;0.5943270377;1.438118269;5.5923933029;23.7738314;7.0305115718
12;12;1;1;1;1;2016;460.92560554;3;7.5587546626;22.235168336;3.5848117621;4.8644237139;1.6385763104;0.3367460749;2.1241028583;7.1853041102;32.444070303;9.2800128632
12;12;1;1;1;2;2016;691.3884083;1;5.4998325121;15.225445815;1.218228915;2.3899443193;0.9093854409;0.7169534834;1.329570711;3.950846574;18.976549946;5.280417285
12;12;1;1;1;2;2016;691.3884083;2;9.4498119724;24.111668312;3.0152397928;6.9616258355;4.4811145392;1.1661609727;2.5064102393;9.642574235;41.994569031;12.148984474
12;12;1;1;1;2;2016;691.3884083;3;5.418652374;14.300862329;2.2916278557;2.6359246562;0.8178402524;0.2066154382;1.4023934808;4.8453685876;20.47034552;6.2399026418
12;12;1;1;1;3;2016;503.17711938;1;11.655667932;32.893679087;2.6467856243;5.0411870472;1.935165422;1.4622350465;2.8203750331;8.2844065543;40.983333278;11.104781587
12;12;1;1;1;3;2016;503.17711938;2;3.6300563105;7.4092037915;1.2144645948;2.664610485;2.1172800369;0.4777865499;1.0415210512;4.7639574319;15.57502212;5.8054784832
12;12;1;1;1;3;2016;503.17711938;3;5.2766627042;13.721959634;2.2564038794;2.5511610619;0.9861768657;0.2061751364;1.3957765503;5.1086646838;19.830061151;6.4772107095
12;12;1;1;1;4;2016;887.28179066;1;12.580725035;33.443607342;2.8889033235;5.5797908709;2.2113181174;1.4012313444;2.883249541;8.2718179184;42.251080925;11.155067459
12;12;1;1;1;4;2016;887.28179066;2;2.3615294821;4.6804730819;0.6768320145;1.5297178783;1.1738402042;0.2897253568;0.5142737756;2.2041240406;8.8111066757;2.7183978162
12;12;1;1;1;4;2016;887.28179066;3;2.7869856848;5.9746413164;0.9947656364;1.2620486542;0.4961848171;0.0923670254;0.629580884;2.1988114241;8.7935807612;2.8201031904
12;12;1;1;1;5;2016;253.50908304;1;11.787375179;29.899692834;2.6278462332;5.0878308888;2.0187099261;1.3355208298;2.6425735936;7.6002193729;37.623806921;10.242792967
12;12;1;1;1;5;2016;253.50908304;2;1.0664796852;1.7997500546;0.3112688497;0.7895012865;0.6585771306;0.1206867756;0.2508021236;1.1763501609;4.0381199167;1.4271522845
12;12;1;1;1;5;2016;253.50908304;3;3.2362049508;6.8354852295;1.1690895947;1.3847941742;0.5425984514;0.1993992681;0.7699709931;2.7857537894;10.10581505;3.5473314789
12;12;1;1;1;6;2016;925.69225779;1;11.482630338;23.861538578;2.6509819988;4.701315531;1.9701143161;1.2012180589;2.3134449701;6.2736085017;31.285294458;8.5870534718
12;12;1;1;1;6;2016;925.69225779;2;0.2722362388;0.4304437473;0.0754665342;0.1829650642;0.165955159;0.0308001346;0.0582767965;0.274129205;0.9432035757;0.3324060016
12;12;1;1;1;6;2016;925.69225779;3;0.595036895;1.0778414609;0.1961904227;0.2684629494;0.1276149664;0.0576904703;0.127961213;0.4102155046;1.6880608063;0.5355185318
12;12;1;1;1;7;2016;26.88732699;1;5.6918006564;9.6014851968;1.1520382498;2.7263109185;1.1100435166;0.5647731367;1.0642477023;2.8540517736;14.982421039;3.918299476
12;12;1;1;1;7;2016;26.88732699;2;0;0;0;0;0;0;0;0;0;0
12;12;1;1;1;7;2016;26.88732699;3;0.0258682015;0.0261754738;0.0047010626;0.0063936155;0.0032766706;0.0003246399;0.0025172133;0.0090623645;0.0400738847;0.0115740699
12;12;1;2;1;2;2016;0;1;;;;;;;;;;
12;12;1;2;1;2;2016;0;2;;;;;;;;;;
12;12;1;2;1;2;2016;0;3;;;;;;;;;;
12;12;1;2;1;5;2016;3.8410467128;1;3.3280938948;4.3090391093;0.3774961513;0.7328418142;0.2839307006;0.191384684;0.3839425831;1.1199711754;5.4915828565;1.5039137585
12;12;1;2;1;5;2016;3.8410467128;2;0;0;0;0;0;0;0;0;0;0
12;12;1;2;1;5;2016;3.8410467128;3;0.7268260874;0.901356757;0.1512932857;0.1682851437;0.0546644666;0.0116763663;0.0907258237;0.3216611651;1.2954196106;0.4116031922
12;12;1;2;1;6;2016;30.728373702;1;3.6161222119;3.925479625;0.7401516002;1.7384117629;0.7977615828;0.2666362975;0.5435597157;1.3318844508;5.7624534841;1.8754441665
12;12;1;2;1;6;2016;30.728373702;2;0;0;0;0;0;0;0;0;0;0
12;12;1;2;1;6;2016;30.728373702;3;0;0;0;0;0;0;0;0;0;0
12;12;1;2;1;7;2016;3.8410467128;1;3.4115572378;4.8745578686;0.8126627477;1.8813075453;0.806556665;0.2363428963;0.6165439231;1.5476363514;6.3771865457;2.1641802744
12;12;1;2;1;7;2016;3.8410467128;2;0;0;0;0;0;0;0;0;0;0
12;12;1;2;1;7;2016;3.8410467128;3;0;0;0;0;0;0;0;0;0;0
12;12;1;3;1;1;2016;3.8410467128;1;0;0;0;0;0;0;0;0;0;0
12;12;1;3;1;1;2016;3.8410467128;2;0;0;0;0;0;0;0;0;0;0
12;12;1;3;1;1;2016;3.8410467128;3;0;0;0;0;0;0;0;0;0;0
12;12;1;3;1;3;2016;11.523140138;1;0;0;0;0;0;0;0;0;0;0
12;12;1;3;1;3;2016;11.523140138;2;0;0;0;0;0;0;0;0;0;0
12;12;1;3;1;3;2016;11.523140138;3;0;0;0;0;0;0;0;0;0;0
12;12;1;3;1;6;2016;15.364186851;1;0;0;0;0;0;0;0;0;0;0
12;12;1;3;1;6;2016;15.364186851;2;0;0;0;0;0;0;0;0;0;0
12;12;1;3;1;6;2016;15.364186851;3;0;0;0;0;0;0;0;0;0;0
12;13;1;1;1;1;2016;329.10762633;1;1.9339895062;6.5487743604;0.4044298525;0.7940097448;0.2586216066;0.2514326568;0.5114688165;1.6764076323;8.1344943226;2.1878764488
12;13;1;1;1;1;2016;329.10762633;2;11.2050551;28.222167417;3.655369493;8.9488745998;6.1246316204;1.3103106044;3.1056750421;11.850711428;51.844268292;14.95638647
12;13;1;1;1;1;2016;329.10762633;3;9.1419698181;28.17945542;4.4879222081;5.2798468021;1.5811223297;0.3286602873;2.5241417098;8.9752259801;39.832547256;11.492135129
12;13;1;1;1;2;2016;453.00696801;1;4.9627652016;14.781534891;1.0807022446;2.0371930201;0.7448717219;0.5927968273;1.2171362707;3.6840045352;18.393605823;4.9011408059
12;13;1;1;1;2;2016;453.00696801;2;9.2580034439;23.092579808;3.0209209977;6.7854804743;4.9853197983;1.1923167155;2.3853072364;9.6459932457;41.317292951;12.031300482
12;13;1;1;1;2;2016;453.00696801;3;5.9612055714;17.833393665;2.8935506867;3.0270442228;0.9900213347;0.1852232709;1.6539103545;6.1179654281;25.152255701;7.7598378459
12;13;1;1;1;3;2016;456.87882244;1;8.2277150176;23.714702286;1.8514497438;3.7591105897;1.3680602483;1.0411409884;2.043568641;6.1359027314;29.993123635;8.1794713723
12;13;1;1;1;3;2016;456.87882244;2;6.0097672716;13.20014202;1.8037905462;4.0114234038;3.1841804202;0.7586018955;1.3566170187;5.7423175093;24.029944399;7.098934528
12;13;1;1;1;3;2016;456.87882244;3;5.6819669853;15.440542848;2.6589884246;2.7968723654;1.0075569234;0.1762367118;1.5952160768;6.0420302037;22.207060851;7.6091480237
12;13;1;1;1;4;2016;433.64769587;1;12.930195425;35.681864478;2.8729364855;5.7759783923;2.1648557639;1.4289696918;3.0762899604;9.0601229214;44.527677621;12.136412882
12;13;1;1;1;4;2016;433.64769587;2;2.1180550478;3.8906325897;0.6875016945;1.6912286263;1.4477026109;0.2674564523;0.5747552968;2.6542512883;8.7030191553;3.2290065851
12;13;1;1;1;4;2016;433.64769587;3;4.0880153579;9.5134071318;1.7571864722;1.9918452823;0.7825470611;0.1242462081;1.0715414865;3.8868157445;14.216952499;4.9316918161
12;13;1;1;1;5;2016;557.54703755;1;13.474376958;34.203830994;3.0557640794;5.814255659;2.2160514034;1.6364373365;3.0669263142;8.7758665965;44.209584991;11.842792911
12;13;1;1;1;5;2016;557.54703755;2;1.0863836567;1.895479645;0.2972132069;0.7207742761;0.6713376042;0.131345474;0.2270407223;1.0441577332;3.9569382271;1.2711984555
12;13;1;1;1;5;2016;557.54703755;3;2.5044415394;5.5744705845;1.0237661533;1.1299766349;0.4201785471;0.0726109735;0.7057314125;2.5304428739;8.3535168006;3.2318515129
12;13;1;1;1;6;2016;483.98180343;1;11.830628708;24.097497603;2.8142833271;5.0703938635;2.1025592038;1.3342450311;2.4088673769;6.5833924586;32.364313348;8.9922598355
12;13;1;1;1;6;2016;483.98180343;2;0.1805376134;0.2401520894;0.0489055989;0.1105249398;0.1099216186;0.0209520777;0.0389160755;0.1909899578;0.5728146767;0.2299060333
12;13;1;1;1;6;2016;483.98180343;3;0.8580098486;1.6330279926;0.3352340153;0.3284232071;0.1036659733;0.0571304137;0.1925138982;0.6450187686;2.4547711853;0.8349399969
12;13;1;1;1;7;2016;19.359272137;1;6.0857637163;9.9633888647;1.7711617679;1.8952353039;1.0091442431;0.7525409687;1.1908509816;2.8068439306;16.105178346;3.9976949122
12;13;1;1;1;7;2016;19.359272137;2;0.3377401791;0.2987150065;0.0393082009;0.0929600064;0.0664296766;0.0151383804;0.0319756718;0.1272304729;0.5422639069;0.1592061447
12;13;1;1;1;7;2016;19.359272137;3;1.0287354453;1.9191751825;0.3446800132;0.4687773064;0.2402441643;0.0238024657;0.1845610606;0.6644489126;2.9382010605;0.8486061353
12;13;1;2;1;7;2016;3.8718544274;1;1.4934876543;2.0143864056;0.3358287737;0.7774408359;0.3333054659;0.0976675075;0.2547836605;0.6395529012;2.6353401129;0.8943365617
12;13;1;2;1;7;2016;3.8718544274;2;0;0;0;0;0;0;0;0;0;0
12;13;1;2;1;7;2016;3.8718544274;3;0;0;0;0;0;0;0;0;0;0
12;13;1;3;1;3;2016;3.8718544274;1;0;0;0;0;0;0;0;0;0;0
12;13;1;3;1;3;2016;3.8718544274;2;0;0;0;0;0;0;0;0;0;0
12;13;1;3;1;3;2016;3.8718544274;3;0;0;0;0;0;0;0;0;0;0
12;13;1;3;1;7;2016;11.615563282;1;0;0;0;0;0;0;0;0;0;0
12;13;1;3;1;7;2016;11.615563282;2;0;0;0;0;0;0;0;0;0;0
12;13;1;3;1;7;2016;11.615563282;3;0;0;0;0;0;0;0;0;0;0
12;14;1;1;1;1;2016;220.70781206;1;3.4360655093;8.7847410788;0.7515097802;2.0450590465;0.6438799783;0.4687906445;0.9362527245;2.8812983978;11.594539448;3.8175511223
12;14;1;1;1;1;2016;220.70781206;2;7.4050365759;18.344309536;2.6176642494;6.5524088312;4.5296968487;0.9103761502;2.2360367107;8.6543987317;35.732753769;10.890435442
12;14;1;1;1;1;2016;220.70781206;3;8.9113114425;26.4626354;4.3933166509;4.7423018487;1.5983471178;0.3497553425;2.4325342658;8.6471118182;37.749586032;11.079643525
12;14;1;1;1;2;2016;323.45110388;1;4.5870495377;14.185935116;1.0167518334;2.0475458156;0.7476672119;0.5529324268;1.1352345761;3.4659127852;17.861466265;4.6011473613
12;14;1;1;1;2;2016;323.45110388;2;10.322694645;27.886633324;3.4787181356;7.7242004;5.0815974909;1.3531975551;2.8078356199;10.817234606;47.363832362;13.625070226
12;14;1;1;1;2;2016;323.45110388;3;5.9659282892;16.869221403;2.8244560828;3.1131069068;0.840661039;0.21653955;1.6637359027;5.5443969778;24.121959379;7.2241771506
12;14;1;1;1;3;2016;334.86702519;1;9.1777568904;27.112108877;2.1386316709;4.3305241354;1.6930040112;1.0793597324;2.3130366007;6.9521507175;34.398901037;9.2651873182
12;14;1;1;1;3;2016;334.86702519;2;4.2254197775;8.7966489702;1.2877996392;3.3671996242;2.637845356;0.4555847029;1.0106451652;4.1430592353;17.589480475;5.1537044005
12;14;1;1;1;3;2016;334.86702519;3;6.2234153116;16.710302145;2.991566231;3.1038662121;1.010124993;0.18493501;1.5521445569;5.696329264;23.933377594;7.2369119774
12;14;1;1;1;4;2016;639.29159355;1;12.18008156;32.196226076;2.7407323685;5.7326197037;2.2272257627;1.2709520452;2.8745491379;8.430723115;41.140608634;11.305272253
12;14;1;1;1;4;2016;639.29159355;2;1.9604161649;4.197803444;0.588597813;1.4636650695;1.1480913136;0.2379101691;0.4520425007;1.9340459882;7.9962340882;2.3860884889
12;14;1;1;1;4;2016;639.29159355;3;3.0911147998;7.371759678;1.3548066833;1.4915260465;0.5527490497;0.0922497147;0.8762326762;3.1816331303;10.95604275;4.0525598235
12;14;1;1;1;5;2016;761.06142089;1;13.333936177;34.121307563;2.9802355436;5.9575057363;2.2835629048;1.4578410673;3.0716573204;8.9761009511;44.538987271;12.047758272
12;14;1;1;1;5;2016;761.06142089;2;0.8828282229;1.6875865955;0.2778456634;0.6981354352;0.6374635515;0.1049070418;0.2073965192;0.9548355518;3.6553324165;1.162232071
12;14;1;1;1;5;2016;761.06142089;3;3.2679486993;7.8638955485;1.4598064743;1.6524448349;0.5731165003;0.1090199134;0.9206274061;3.2352679822;11.715634914;4.1523895408
12;14;1;1;1;6;2016;913.27370507;1;12.371837211;24.87991706;2.8755417703;5.4362034857;2.2874324849;1.2579008971;2.529859271;6.8722418833;34.01744881;9.4021011543
12;14;1;1;1;6;2016;913.27370507;2;0.1299850794;0.2022936477;0.0285908656;0.039284195;0.0243883377;0.0253943142;0.0200185869;0.0898301304;0.3311411356;0.1098487173
12;14;1;1;1;6;2016;913.27370507;3;0.9455468332;1.7821601368;0.3615018242;0.4429112318;0.1926703109;0.0380031149;0.2790570028;0.9714474818;2.8534525786;1.2497798948
12;14;1;1;1;7;2016;53.274299462;1;8.361583088;13.597336616;1.9535401611;3.0851169904;1.5373956789;0.7835680655;1.4303838058;3.5664836563;19.43184258;4.9968674621
12;14;1;1;1;7;2016;53.274299462;2;0;0;0;0;0;0;0;0;0;0
12;14;1;1;1;7;2016;53.274299462;3;0.1446160458;0.2028923571;0.0364390604;0.0495584423;0.0253982571;0.0025163614;0.0195115219;0.0702445547;0.3106222632;0.0897133834
12;14;1;2;1;6;2016;7.6106142089;1;6.5713840196;8.2397539356;1.716733636;2.7700083473;1.6847387606;0.7114931014;1.0751760276;2.4795320459;15.577501149;3.5547080736
12;14;1;2;1;6;2016;7.6106142089;2;0;0;0;0;0;0;0;0;0;0
12;14;1;2;1;6;2016;7.6106142089;3;0;0;0;0;0;0;0;0;0;0
12;14;1;2;1;7;2016;22.831842627;1;1.0337394092;1.5734198315;0.262312956;0.6072523254;0.260342022;0.076287247;0.1990093177;0.49954925;2.0584414117;0.6985585677
12;14;1;2;1;7;2016;22.831842627;2;0;0;0;0;0;0;0;0;0;0
12;14;1;2;1;7;2016;22.831842627;3;0;0;0;0;0;0;0;0;0;0
12;14;1;3;1;6;2016;22.831842627;1;0;0;0;0;0;0;0;0;0;0
12;14;1;3;1;6;2016;22.831842627;2;0;0;0;0;0;0;0;0;0;0
12;14;1;3;1;6;2016;22.831842627;3;0;0;0;0;0;0;0;0;0;0
12;14;1;3;1;7;2016;11.415921313;1;0;0;0;0;0;0;0;0;0;0
12;14;1;3;1;7;2016;11.415921313;2;0;0;0;0;0;0;0;0;0;0
12;14;1;3;1;7;2016;11.415921313;3;0;0;0;0;0;0;0;0;0;0
12;15;1;1;1;1;2016;124.0187906;1;2.9158150077;9.17085744;0.6002751763;1.0770796945;0.3538527626;0.3203099751;0.7508697805;2.393019383;10.669697589;3.1438891636
12;15;1;1;1;1;2016;124.0187906;2;12.853372073;32.262403611;4.2402283774;10.512928461;7.1615215761;1.5585971422;3.3871127385;13.045458958;59.223250544;16.432571697
12;15;1;1;1;1;2016;124.0187906;3;7.8989573295;20.315742108;3.6397977502;3.7731033987;1.4023967039;0.2418769541;1.8618096662;7.033206018;29.394967247;8.8652967457
12;15;1;1;1;2;2016;186.02818591;1;4.7815160046;15.106317719;1.0488587381;2.1389194094;0.7529511432;0.5488732607;1.243010949;3.8613134957;18.140541679;5.1043244447
12;15;1;1;1;2;2016;186.02818591;2;12.496218104;28.829423622;4.0367864759;9.2111723393;6.9411941533;1.5249309128;3.0856418652;12.504903617;54.045171655;15.590545482
12;15;1;1;1;2;2016;186.02818591;3;6.3972848506;18.9342094;3.2535821278;3.7331698639;1.1576504161;0.3172978811;1.930634554;6.6038423766;27.51892092;8.5606490475
12;15;1;1;1;3;2016;213.15729635;1;4.7976526487;14.120992859;1.0564987426;1.8852518348;0.6975834319;0.4676368418;1.1525161238;3.4689361597;17.03645023;4.6214522836
12;15;1;1;1;3;2016;213.15729635;2;6.5972524391;11.814734877;1.9290732967;5.1892228286;4.5133863794;0.6604052156;1.4726401349;6.459687579;25.608496714;7.9323277138
12;15;1;1;1;3;2016;213.15729635;3;6.2052431302;18.469253514;3.074407385;2.9984270884;0.8878415879;0.2357135002;1.5769360659;5.8154131416;25.656776834;7.385027195
12;15;1;1;1;4;2016;170.52583708;1;13.046443422;34.788794998;2.9818718785;5.7374525631;2.3928766842;1.394874588;3.0408288373;8.8813429522;44.230448478;11.922171789
12;15;1;1;1;4;2016;170.52583708;2;2.4869560434;5.3765994039;0.8410784421;2.2068690662;2.1117188961;0.2784330161;0.6216956557;2.8522637497;11.360391346;3.4739594054
12;15;1;1;1;4;2016;170.52583708;3;3.7977386272;9.3452419588;1.5489007961;2.1486288888;0.7087145753;0.1096503106;0.8830427378;3.0033665883;13.676165428;3.8845826473
12;15;1;1;1;5;2016;158.89907546;1;12.641580431;34.852321148;2.8534995048;5.0885107543;1.9422096554;1.3072774976;3.0143418766;8.779239706;42.059343461;11.793581583
12;15;1;1;1;5;2016;158.89907546;2;1.3321062667;2.4640946327;0.4016505186;1.1383628285;0.9640380567;0.135709591;0.3037284434;1.2906114267;5.3594427473;1.5943398701
12;15;1;1;1;5;2016;158.89907546;3;5.2465436137;12.649796208;2.3239322555;2.5806699734;0.9129410414;0.240094031;1.9212286245;5.8202057227;19.35099576;7.731417635
12;15;1;1;1;6;2016;329.42491254;1;13.062790386;25.28826779;2.9851848401;5.2964273041;2.3271910976;1.1765883398;2.530702436;6.755919826;33.803012329;9.286622262
12;15;1;1;1;6;2016;329.42491254;2;0.0299145068;0.0396009221;0.0068509867;0.016022072;0.0143179649;0.0029565332;0.0052711728;0.0248022506;0.0847290322;0.0300734234
12;15;1;1;1;6;2016;329.42491254;3;0.8331379124;1.9548799097;0.3413629999;0.3872100699;0.1426956393;0.0233351677;0.1908678447;0.6795933523;2.8369373758;0.8717003029
12;15;1;1;1;7;2016;7.7511744128;1;5.2831761132;7.2539782334;1.4724975635;1.2052887523;0.7754624054;0.5943824106;0.8349915962;1.8953722735;11.779931479;2.7303638697
12;15;1;1;1;7;2016;7.7511744128;2;0;0;0;0;0;0;0;0;0;0
12;15;1;1;1;7;2016;7.7511744128;3;0;0;0;0;0;0;0;0;0;0
12;15;1;2;1;6;2016;3.8755872064;1;0;0;0;0;0;0;0;0;0;0
12;15;1;2;1;6;2016;3.8755872064;2;0;0;0;0;0;0;0;0;0;0
12;15;1;2;1;6;2016;3.8755872064;3;0;0;0;0;0;0;0;0;0;0
12;15;1;2;1;7;2016;11.626761619;1;2.0128776172;2.4106890391;0.4018984349;0.9303915557;0.3988787012;0.1168822373;0.3049088179;0.7653760791;3.1538067903;1.070284897
12;15;1;2;1;7;2016;11.626761619;2;0;0;0;0;0;0;0;0;0;0
12;15;1;2;1;7;2016;11.626761619;3;0;0;0;0;0;0;0;0;0;0
12;15;1;3;1;7;2016;3.8755872064;1;0.5678317238;0.5793679395;0.0507559021;0.0985335805;0.0381756445;0.0257324539;0.0516226513;0.1505847071;0.7383657849;0.2022073584
12;15;1;3;1;7;2016;3.8755872064;2;0;0;0;0;0;0;0;0;0;0
12;15;1;3;1;7;2016;3.8755872064;3;0;0;0;0;0;0;0;0;0;0
12;16;1;1;1;1;2016;54.858469945;1;3.8336573765;11.393372356;0.9029584071;2.032005012;0.6731788836;0.4983280268;0.9995760984;3.1584366383;15.901206829;4.1580127368
12;16;1;1;1;1;2016;54.858469945;2;7.9329751526;19.378089608;2.6031781225;6.4440391578;3.9079794475;0.9279979089;2.2064270055;8.0991467686;35.850976721;10.305573774
12;16;1;1;1;1;2016;54.858469945;3;12.649771322;39.786269484;6.7498219726;7.2277615823;1.8814717439;0.6422181664;3.7913368479;12.633969963;56.568876124;16.411841623
12;16;1;1;1;2;2016;62.695394223;1;7.4930578967;21.061853445;1.7510540722;3.1211639647;1.3412067611;0.8212328534;1.728464036;4.8559982289;24.913490357;6.5844622649
12;16;1;1;1;2;2016;62.695394223;2;6.7236032536;15.237218786;2.1542338422;5.6645588257;3.8205981759;0.832281029;1.6641704941;6.7398324654;29.088521965;8.4040029594
12;16;1;1;1;2;2016;62.695394223;3;6.0753294577;16.663427312;3.4621849852;2.3888089652;1.1033731768;0.1601345791;1.7681471367;7.0357146501;23.70105775;8.756944704
12;16;1;1;1;3;2016;203.76003123;1;9.9488240114;28.553746162;2.2516447325;4.3249037889;1.5714183268;1.2963296081;2.4920235357;7.4319832525;35.330311329;9.9240067882
12;16;1;1;1;3;2016;203.76003123;2;2.8656691903;5.7157867024;0.7712769874;1.8112488315;1.4526515161;0.2988686263;0.5544580833;2.3487079244;10.395954369;2.9031660077
12;16;1;1;1;3;2016;203.76003123;3;7.1034563731;19.39922747;3.4810107036;3.3502643183;1.1577587274;0.3440432304;1.8329958686;6.8240673618;27.69696633;8.6422614262
12;16;1;1;1;4;2016;121.47232631;1;12.794144982;32.632515978;2.8452088749;5.5855888592;2.218851664;1.3705365523;2.918704824;8.3743240754;42.306750133;11.293028899
12;16;1;1;1;4;2016;121.47232631;2;1.7545885627;3.830485832;0.5940657298;1.5616911006;1.4582304017;0.1983530456;0.4374305622;1.9568802866;8.0319547139;2.3943108488
12;16;1;1;1;4;2016;121.47232631;3;3.568952682;8.311582439;1.6562442152;1.7485243746;0.8207396356;0.1015082698;0.8515358166;3.3060880479;12.310769962;4.1292481882
12;16;1;1;1;5;2016;317.39543326;1;11.210793567;25.776751341;2.7343913581;4.6492220853;2.0263348646;1.272392339;2.3889842106;6.5103242774;33.283958741;8.899308488
12;16;1;1;1;5;2016;317.39543326;2;0.9977842753;1.5245620342;0.2440460198;0.6301372711;0.5427974373;0.0945179639;0.1798308827;0.8071219048;3.2510519961;0.9869527874
12;16;1;1;1;5;2016;317.39543326;3;4.4564390509;10.685290132;2.0210339615;2.1105663075;0.7046783421;0.1768289982;1.3311328899;4.5717228656;15.850834679;5.8926833735
12;16;1;1;1;6;2016;579.93239657;1;9.5327891519;16.846781114;2.2862021055;3.9273411913;1.8381487578;1.0067805055;1.7581931172;4.5940886913;23.921198135;6.3522818085
12;16;1;1;1;6;2016;579.93239657;2;0.0598999886;0.0938245555;0.0118009123;0.0273944932;0.0230116539;0.0052441046;0.008263879;0.0344473419;0.1645306299;0.0427112209
12;16;1;1;1;6;2016;579.93239657;3;0.9979537544;1.6736629164;0.3645800172;0.445758675;0.2397053451;0.0355974457;0.2720305698;0.9104548004;2.7775315247;1.1782770386
12;16;1;1;1;7;2016;15.673848556;1;3.8263909253;4.3945854053;0.6711173494;1.2360008394;0.5484288109;0.3107269701;0.5587600758;1.3998564551;7.2720374375;1.9586165308
12;16;1;1;1;7;2016;15.673848556;2;0;0;0;0;0;0;0;0;0;0
12;16;1;1;1;7;2016;15.673848556;3;0;0;0;0;0;0;0;0;0;0
12;16;1;2;1;6;2016;35.266159251;1;3.4922426679;4.3077339996;0.9081855735;1.5589283805;0.9064662647;0.3210485595;0.5305003866;1.2390648862;6.951674639;1.7695652727
12;16;1;2;1;6;2016;35.266159251;2;0;0;0;0;0;0;0;0;0;0
12;16;1;2;1;6;2016;35.266159251;3;0.021831285;0.0281717233;0.0047286411;0.0052597182;0.0017085269;0.0003649425;0.0028356173;0.0100534547;0.0404880781;0.0128645746
12;16;1;2;1;7;2016;3.918462139;1;0;0;0;0;0;0;0;0;0;0
12;16;1;2;1;7;2016;3.918462139;2;0;0;0;0;0;0;0;0;0;0
12;16;1;2;1;7;2016;3.918462139;3;0;0;0;0;0;0;0;0;0;0
12;16;1;3;1;6;2016;19.592310695;1;0;0;0;0;0;0;0;0;0;0
12;16;1;3;1;6;2016;19.592310695;2;0;0;0;0;0;0;0;0;0;0
12;16;1;3;1;6;2016;19.592310695;3;0;0;0;0;0;0;0;0;0;0
12;16;1;3;1;7;2016;15.673848556;1;0;0;0;0;0;0;0;0;0;0
12;16;1;3;1;7;2016;15.673848556;2;0;0;0;0;0;0;0;0;0;0
12;16;1;3;1;7;2016;15.673848556;3;0;0;0;0;0;0;0;0;0;0
12;17;3;1;1;1;2016;724.88268471;1;2.8453312722;7.5910870706;0.5911579709;1.4292923235;0.496751695;0.3865780936;0.7182334801;2.2205746325;9.7627969185;2.9388081127
12;17;3;1;1;1;2016;724.88268471;2;5.1583410886;11.020724479;1.6203436359;4.4023343828;3.0984174552;0.565983531;1.3652964689;5.3772538975;22.230511803;6.7425503664
12;17;3;1;1;1;2016;724.88268471;3;8.006079804;21.281592492;3.560852858;4.7364978327;1.3651678344;0.3705104121;2.5630783455;7.5649480217;31.751512621;10.080038264
12;17;3;1;1;2;2016;847.97597079;1;4.3368973678;12.367794644;0.9468557578;1.9299459043;0.7037142276;0.5232745768;1.0678427691;3.2239561891;15.517937611;4.2917989582
12;17;3;1;1;2;2016;847.97597079;2;9.277446927;20.234204938;2.77715684;7.0376260068;5.396981289;1.0560344077;2.1833948092;9.0874583884;38.668086291;11.270853198
12;17;3;1;1;2;2016;847.97597079;3;6.7506920217;18.684952526;2.983345976;3.191310874;1.0226317122;0.2127282812;1.7412006598;6.2560122844;26.50231758;7.9849316826
12;17;3;1;1;3;2016;1586.5356873;1;8.9414177609;24.009782017;2.0016860315;4.2170042706;1.5692559287;1.0799718977;2.1561882882;6.3899787088;31.165486714;8.546166997
12;17;3;1;1;3;2016;1586.5356873;2;2.759244139;5.4595151585;0.810075553;2.2253891979;1.6998389856;0.2909319697;0.6557225802;2.7463349647;11.153371793;3.402057545
12;17;3;1;1;3;2016;1586.5356873;3;6.841411731;17.49220132;2.8522437987;3.2882256568;1.1465544751;0.2581675781;1.7324572485;6.0644297289;25.266564332;7.7771056179
12;17;3;1;1;4;2016;2270.3872766;1;11.698730027;27.127042873;2.6629432978;5.252772709;2.1196497993;1.2628547509;2.5548739176;7.1657173799;35.768629827;9.7205912975
12;17;3;1;1;4;2016;2270.3872766;2;1.5500673534;2.7402224765;0.4137537601;1.1205211419;0.8724944966;0.1509939854;0.3229748103;1.412831549;5.5491535405;1.7358063593
12;17;3;1;1;4;2016;2270.3872766;3;3.3040842693;7.3525945015;1.2851229542;1.5402535068;0.5859192651;0.1044614802;0.9025643436;3.1501297961;11.003318661;4.0366002381
12;17;3;1;1;5;2016;1782.5731429;1;11.420426017;25.180850014;2.6360680518;4.9775837489;2.0752795177;1.2642887646;2.4150437469;6.6421815425;33.254429133;9.0572252894
12;17;3;1;1;5;2016;1782.5731429;2;0.3633472854;0.5533524881;0.0943892605;0.2696039707;0.2300888231;0.0293622372;0.0727636423;0.3272051151;1.2276030828;0.3999687573
12;17;3;1;1;5;2016;1782.5731429;3;3.9471820711;8.5199862065;1.4477176016;1.9123200087;0.7631564194;0.1741942801;0.9600409;3.2904038472;12.801303718;4.2331650344
12;17;3;1;1;6;2016;2197.4431071;1;10.328603003;17.971411405;2.421664301;4.3650943636;1.9732371385;1.0568304884;1.917247316;4.990686831;25.65114781;6.9079341471
12;17;3;1;1;6;2016;2197.4431071;2;0.1268765062;0.1595526349;0.0337579379;0.0674305816;0.0537768147;0.012800068;0.0283822015;0.1359640066;0.3750839777;0.1643462081
12;17;3;1;1;6;2016;2197.4431071;3;0.9710035104;1.6356215171;0.3125300755;0.433823751;0.1930718369;0.0392804942;0.2424614075;0.7828234183;2.6291738538;1.0218669774
12;17;3;1;1;7;2016;164.12438144;1;5.6168060752;7.352554867;1.3227595616;2.3677469932;1.0683403753;0.6320941631;0.948566214;2.4143373597;11.216236368;3.3629035737
12;17;3;1;1;7;2016;164.12438144;2;0.054775399;0.0626770619;0.0191191816;0.0879936144;0.0752339688;0.0041697411;0.0171574033;0.0746913652;0.1914339616;0.0918487686
12;17;3;1;1;7;2016;164.12438144;3;0.2461767951;0.098727083;0.2176215235;0.3344416234;0.0062212966;0.0248817301;0.5436753561;0.9070080106;1.0199864148;1.3977066169
12;17;3;2;1;1;2016;9.1180211913;1;0;0;0;0;0;0;0;0;0;0
12;17;3;2;1;1;2016;9.1180211913;2;0;0;0;0;0;0;0;0;0;0
12;17;3;2;1;1;2016;9.1180211913;3;2.0451204388;4.1887642498;0.7330453519;0.9471684569;0.340844831;0.0905778999;0.5162529954;1.6388233626;6.3575628968;2.1451608972
12;17;3;2;1;3;2016;18.236042383;1;1.1579191222;1.5359510939;0.3730103685;0.4065168482;0.299857958;0.1429698291;0.176979322;0.3968480221;2.8313549622;0.5738273441
12;17;3;2;1;3;2016;18.236042383;2;0;0;0;0;0;0;0;0;0;0
12;17;3;2;1;3;2016;18.236042383;3;0;0;0;0;0;0;0;0;0;0
12;17;3;2;1;4;2016;22.795052978;1;1.2414895238;2.0242301612;0.2137739758;0.6822481079;0.2624025366;0.1092736651;0.2155060124;0.5976104556;3.3033314711;0.813116468
12;17;3;2;1;4;2016;22.795052978;2;0.0664107691;0.0643733454;0.0098913605;0.0260684188;0.0194781595;0.0037317627;0.007939835;0.0335915174;0.1305006399;0.0415313523
12;17;3;2;1;4;2016;22.795052978;3;0.5346735269;0.7213292704;0.1262346213;0.1631078502;0.0586954382;0.0155980348;0.0889017319;0.2822147989;1.0948088583;0.3694090315
12;17;3;2;1;5;2016;41.031095361;1;2.3020080078;3.1463833472;0.5579560724;0.9995990991;0.4945241438;0.2598238828;0.4446347961;1.0780844986;5.4986132087;1.5227192947
12;17;3;2;1;5;2016;41.031095361;2;0;0;0;0;0;0;0;0;0;0
12;17;3;2;1;5;2016;41.031095361;3;0.2601570176;0.3375774952;0.0715410453;0.1489529575;0.0552202736;0.0043922819;0.048711865;0.1210966031;0.5953025719;0.1676735595
12;17;3;2;1;6;2016;132.21130727;1;2.2296069434;2.6663672684;0.5450512756;1.1434177646;0.5026050599;0.2711227314;0.3932856419;0.9867313704;4.6151339174;1.3800170123
12;17;3;2;1;6;2016;132.21130727;2;0;0;0;0;0;0;0;0;0;0
12;17;3;2;1;6;2016;132.21130727;3;0.1544623922;0.1945011722;0.0340382442;0.0439808412;0.0158267965;0.0042058962;0.0239717031;0.0760971604;0.2952072168;0.0996084487
12;17;3;2;1;7;2016;27.354063574;1;0.8604686938;1.2007558796;0.1340377073;0.2594250902;0.1064703246;0.0652196925;0.1210965519;0.3328963061;1.6355075544;0.4539928581
12;17;3;2;1;7;2016;27.354063574;2;0.0717288701;0.075506607;0.0116020546;0.0305769079;0.0228468744;0.0043771647;0.009313016;0.0394011137;0.1530705057;0.0487141297
12;17;3;2;1;7;2016;27.354063574;3;0.0519890222;0.0570472495;0.0099834268;0.0128995933;0.0046420039;0.0012335906;0.0070309074;0.0223193189;0.0865843612;0.0292151865
12;17;3;3;1;1;2016;4.5590105956;1;0;0;0;0;0;0;0;0;0;0
12;17;3;3;1;1;2016;4.5590105956;2;0.3402777778;0.4482389128;0.0688746659;0.1815173598;0.1356286361;0.025984687;0.0552859723;0.2339015493;0.9086907728;0.2891875215
12;17;3;3;1;1;2016;4.5590105956;3;0.4188201046;0.6599027729;0.115484814;0.1492180161;0.0536970896;0.0142697473;0.081331095;0.2581821313;1.0015778245;0.3379511331
12;17;3;3;1;3;2016;18.236042383;1;0.0985262346;0.1470354863;0.0164132442;0.0317672351;0.013037551;0.0079863104;0.0148285682;0.0407639647;0.2002718893;0.0555925328
12;17;3;3;1;3;2016;18.236042383;2;0;0;0;0;0;0;0;0;0;0
12;17;3;3;1;3;2016;18.236042383;3;4.8217063123;9.2948843778;1.6327832258;2.3522641738;1.3936260888;0.1141366724;0.896720108;3.219226315;14.343930656;4.1111964569
12;17;3;3;1;4;2016;4.5590105956;1;0;0;0;0;0;0;0;0;0;0
12;17;3;3;1;4;2016;4.5590105956;2;0;0;0;0;0;0;0;0;0;0
12;17;3;3;1;4;2016;4.5590105956;3;0;0;0;0;0;0;0;0;0;0
12;17;3;3;1;5;2016;41.031095361;1;0;0;0;0;0;0;0;0;0;0
12;17;3;3;1;5;2016;41.031095361;2;0;0;0;0;0;0;0;0;0;0
12;17;3;3;1;5;2016;41.031095361;3;0;0;0;0;0;0;0;0;0;0
12;17;3;3;1;6;2016;104.8572437;1;0;0;0;0;0;0;0;0;0;0
12;17;3;3;1;6;2016;104.8572437;2;0;0;0;0;0;0;0;0;0;0
12;17;3;3;1;6;2016;104.8572437;3;0;0;0;0;0;0;0;0;0;0
12;17;3;3;1;7;2016;18.236042383;1;0;0;0;0;0;0;0;0;0;0
12;17;3;3;1;7;2016;18.236042383;2;0;0;0;0;0;0;0;0;0;0
12;17;3;3;1;7;2016;18.236042383;3;0;0;0;0;0;0;0;0;0;0
12;17;4;1;1;1;2016;54.111956522;1;5.3750003752;11.510409286;1.1571658581;2.6024876819;0.8375570156;1.043227887;1.3123147192;3.7463321392;15.003299645;5.0586468584
12;17;4;1;1;1;2016;54.111956522;2;4.637211831;7.8733926858;1.3656597797;4.1990814734;2.7442666526;0.3690288969;1.1824546149;4.5676774398;17.828751081;5.7501320547
12;17;4;1;1;1;2016;54.111956522;3;5.5466537964;10.729277542;1.9469194371;4.3734938532;1.3385002486;0.4186726498;1.3150171547;3.1401701198;17.434987425;4.4204678601
12;17;4;1;1;2;2016;38.651397516;1;2.8820987738;6.0501365653;0.5365629488;1.5589542299;0.479955356;0.3768706567;0.6678479286;1.9462333991;7.2931192025;2.6140813277
12;17;4;1;1;2;2016;38.651397516;2;8.5628086895;16.366024575;2.5385854278;7.327296169;4.9535845645;0.8513340038;2.0083938403;8.3079567474;33.359953118;10.316350588
12;17;4;1;1;2;2016;38.651397516;3;9.644530051;19.413193211;3.434281052;4.9635414198;1.9399139376;0.5374992809;2.7317319477;8.0285321932;30.72327717;10.648168821
12;17;4;1;1;3;2016;77.302795031;1;7.6967172817;13.835428723;1.7993008238;3.6882974856;1.5296688695;0.8124768212;1.48675768;3.9850250007;20.945944078;5.4717826808
12;17;4;1;1;3;2016;77.302795031;2;3.0803722915;5.0176544049;0.7194006133;1.7243273796;1.377772848;0.2835394063;0.5228695507;2.2456359463;9.4352153692;2.768505497
12;17;4;1;1;3;2016;77.302795031;3;3.3181579551;6.4196530609;1.1093692013;1.9524472282;0.7341016862;0.2764574976;0.7962258143;1.9677259147;10.118242845;2.7290238249
12;17;4;1;1;4;2016;193.25698758;1;9.4715282838;15.837357523;2.1274160987;4.3497650678;1.7898043006;0.966851745;1.8512329858;4.9368394924;22.834815717;6.7880724782
12;17;4;1;1;4;2016;193.25698758;2;1.4138562832;1.8985305164;0.3538684657;1.103379333;0.9398743093;0.112508513;0.2929993609;1.3030969157;4.5274844264;1.5960962766
12;17;4;1;1;4;2016;193.25698758;3;1.745611955;3.0676914273;0.5892343614;1.4624353131;0.3069196555;0.0112021284;0.4160365776;0.8712783432;4.8025033496;1.2398748871
12;17;4;1;1;5;2016;15.460559006;1;8.234775756;12.888978032;1.9513697184;4.7823265767;1.8959939944;0.976841979;1.8380456566;4.9027227764;19.559182286;6.7407684331
12;17;4;1;1;5;2016;15.460559006;2;0.15125;0.1934489623;0.0335160808;0.0890486452;0.0711992501;0.0135780428;0.0264887845;0.1192411641;0.4157017696;0.1457299485
12;17;4;1;1;5;2016;15.460559006;3;0.5907416489;0.9417561906;0.1801603671;0.2471606737;0.0937345923;0.0289601983;0.1405221176;0.4244111584;1.5088614371;0.5618943043
12;17;4;1;1;6;2016;85.033074534;1;6.4917220962;10.241526644;1.4784328151;3.2137278609;1.4177858143;0.6897536307;1.2341289992;3.2290907912;16.312072806;4.4632197904
12;17;4;1;1;6;2016;85.033074534;2;1.3518297037;1.9943261227;0.3314626379;0.9689260263;0.9100541842;0.1345859814;0.2428654672;1.1244348788;4.3947944898;1.367300346
12;17;4;1;1;6;2016;85.033074534;3;0.4397792001;0.8521420062;0.1705537437;0.2887242111;0.1201197089;0.0422918153;0.1558218261;0.4261746461;1.4856021738;0.578471551
12;17;4;2;1;4;2016;7.7302795031;1;3.205462963;6.0688861801;0.6706305469;1.9031859621;0.755539745;0.3307322081;0.6380389033;1.7352382886;9.7742014717;2.3732771919
12;17;4;2;1;4;2016;7.7302795031;2;0.2464664755;0.2126013245;0.0326675011;0.086094335;0.0643291487;0.0123246303;0.026222335;0.110940344;0.4309952938;0.137162679
12;17;4;2;1;4;2016;7.7302795031;3;1.6171821085;2.0607498074;0.3606369272;0.465979248;0.167685713;0.0445616842;0.2539814125;0.8062532832;3.127735469;1.0553565783
12;17;4;2;1;5;2016;7.7302795031;1;0.5029928072;0.6272296166;0.1036896801;0.1283201007;0.0550184658;0.0491596183;0.0838984064;0.2158311764;0.99418531;0.2997295828
12;17;4;2;1;5;2016;7.7302795031;2;0;0;0;0;0;0;0;0;0;0
12;17;4;2;1;5;2016;7.7302795031;3;0;0;0;0;0;0;0;0;0;0
12;17;4;3;1;5;2016;7.7302795031;1;0;0;0;0;0;0;0;0;0;0
12;17;4;3;1;5;2016;7.7302795031;2;0;0;0;0;0;0;0;0;0;0
12;17;4;3;1;5;2016;7.7302795031;3;0;0;0;0;0;0;0;0;0;0
12;18;3;1;1;1;2016;329.83849664;1;4.2137993699;10.828650337;0.8546254595;1.9161075644;0.6810290151;0.5432296937;0.9656027739;2.9160172522;13.472566685;3.8816200261
12;18;3;1;1;1;2016;329.83849664;2;6.2555431291;12.749331891;1.9934867315;5.4620625019;3.906546809;0.6933163191;1.7164888151;6.8575505296;26.702349941;8.5740393447
12;18;3;1;1;1;2016;329.83849664;3;9.0841810843;23.039896849;4.0351978754;5.1411343039;1.4699606719;0.4331838735;2.9109336747;8.3671464406;34.719388079;11.2354481
12;18;3;1;1;2;2016;609.97530201;1;6.2128874533;15.715562781;1.3226271909;2.9415831074;1.1071949177;0.7155861834;1.4519969536;4.2795889206;20.302042893;5.7315858741
12;18;3;1;1;2;2016;609.97530201;2;7.2036067827;15.257539258;2.1230228481;5.030314746;3.7460209769;0.8615337837;1.6584905782;6.9055467909;28.330901778;8.5640373691
12;18;3;1;1;2;2016;609.97530201;3;7.130788648;16.358148036;2.8828595043;3.2156327705;1.2447486757;0.2952936804;1.8289683481;6.5385770872;24.21631368;8.3456665702
12;18;3;1;1;3;2016;506.05358389;1;8.1633946367;18.335976935;1.8037341896;3.9678071891;1.4559815632;0.9451504353;1.841103942;5.2799263268;25.057730812;7.1210302688
12;18;3;1;1;3;2016;506.05358389;2;2.3780261598;4.1400034289;0.6402186219;1.751978812;1.3279460698;0.2392871135;0.5167801521;2.2173462547;8.4156907116;2.7341264068
12;18;3;1;1;3;2016;506.05358389;3;5.5412637108;11.501341422;2.06419465;2.8833620144;1.0540501338;0.4011542452;1.4167818389;4.2627113765;17.793169717;5.6528624886
12;18;3;1;1;4;2016;1617.5641342;1;10.615310714;23.069989859;2.4223693645;4.8775708188;1.9493300988;1.1709654875;2.2753562421;6.3526347411;31.047187528;8.6279909832
12;18;3;1;1;4;2016;1617.5641342;2;1.9591899877;3.4329848826;0.5612990187;1.5147069581;1.1906337392;0.2200833543;0.4383504781;1.9474071248;7.2588702694;2.3857576028
12;18;3;1;1;4;2016;1617.5641342;3;3.1751811615;6.6971725573;1.1907782679;1.480421613;0.6174526277;0.1463507333;0.7933817844;2.6480128426;10.153408609;3.4279245243
12;18;3;1;1;5;2016;546.71860403;1;9.0937928726;18.609587523;2.0287934834;4.3471766061;1.6891960576;1.0039295171;1.9571736128;5.427300788;25.569721868;7.3844744008
12;18;3;1;1;5;2016;546.71860403;2;0.9097427499;1.3749561015;0.2206821138;0.6388578909;0.5265221502;0.0771183544;0.1749866471;0.7674014459;2.9322604345;0.942388093
12;18;3;1;1;5;2016;546.71860403;3;3.0196937925;5.9162651392;1.1046729675;1.5072776132;0.6733540565;0.1111096069;0.7741086742;2.5814828496;9.3150220064;3.340450069
12;18;3;1;1;6;2016;1314.835651;1;9.9259662542;18.224171492;2.3025662568;4.3993790582;1.8284078048;1.0904025193;1.9645520138;5.237385874;25.467031797;7.2019378878
12;18;3;1;1;6;2016;1314.835651;2;0.4091323554;0.5620875498;0.0960247635;0.251804918;0.2141924961;0.041469763;0.0732521627;0.3386427477;1.213787424;0.4118949103
12;18;3;1;1;6;2016;1314.835651;3;0.8845884775;1.3923717416;0.3029543189;0.3958906143;0.1610989944;0.0343410129;0.3034402098;0.8911093356;2.3821351642;1.1896865405
12;18;3;1;1;7;2016;9.0366711409;1;4.8923310713;5.8561349839;1.2413768566;1.5168905115;0.8826281964;0.283997471;0.6213994355;1.4268314861;7.4475072905;2.0482309216
12;18;3;1;1;7;2016;9.0366711409;2;0;0;0;0;0;0;0;0;0;0
12;18;3;1;1;7;2016;9.0366711409;3;0;0;0;0;0;0;0;0;0;0
12;18;3;2;1;1;2016;4.5183355705;1;1.4524332417;1.8621737251;0.17850273;0.2587417338;0.0687866891;0.0187871381;0.2132121901;0.6627433874;2.0642889664;0.8759555775
12;18;3;2;1;1;2016;4.5183355705;2;0;0;0;0;0;0;0;0;0;0
12;18;3;2;1;1;2016;4.5183355705;3;0;0;0;0;0;0;0;0;0;0
12;18;3;2;1;3;2016;9.0366711409;1;1.1181205115;1.4399941871;0.3497069435;0.3811201415;0.2811246518;0.1340379414;0.1659227276;0.3720553651;2.65446908;0.5379780926
12;18;3;2;1;3;2016;9.0366711409;2;0;0;0;0;0;0;0;0;0;0
12;18;3;2;1;3;2016;9.0366711409;3;0;0;0;0;0;0;0;0;0;0
12;18;3;2;1;4;2016;9.0366711409;1;1.7644907407;2.9648796022;0.3973209821;0.5960358909;0.2959820264;0.1688858182;0.2927663123;0.7152657778;4.4710943383;1.0080320901
12;18;3;2;1;4;2016;9.0366711409;2;0;0;0;0;0;0;0;0;0;0
12;18;3;2;1;4;2016;9.0366711409;3;0.2037120869;0.2780855725;0.0486657458;0.0628810472;0.0226281606;0.0060133265;0.034273237;0.1087989454;0.4220687564;0.1424139103
12;18;3;2;1;5;2016;9.0366711409;1;1.299662394;1.7549886116;0.3112165445;0.5575560387;0.2758355053;0.1449244752;0.2480082423;0.6013335976;3.0670145676;0.8493418398
12;18;3;2;1;5;2016;9.0366711409;2;1.0354320988;1.0821414593;0.166277691;0.4382204557;0.3274355841;0.0627324098;0.1334717737;0.5646867254;2.1937674995;0.698158499
12;18;3;2;1;5;2016;9.0366711409;3;1.0925160958;2.1072181103;0.4465717897;0.9297905638;0.3446946617;0.0274173964;0.3040680306;0.7559062991;3.7159833768;1.0466478545
12;18;3;2;1;6;2016;76.811704698;1;2.8307154563;3.5449670352;0.8591992005;0.9486557774;0.5517765815;0.3785407556;0.4532200129;1.0789885749;6.098124561;1.5322085878
12;18;3;2;1;6;2016;76.811704698;2;0.0233050252;0.0192974751;0.0029651757;0.0078146422;0.0058390518;0.0011186866;0.0023801585;0.0100698739;0.0391207392;0.0124500324
12;18;3;2;1;6;2016;76.811704698;3;0.0433184063;0.0514176082;0.0089982239;0.011626612;0.0041839132;0.0011118551;0.0063370705;0.020116763;0.0780398845;0.0263321199
12;18;3;2;1;7;2016;9.0366711409;1;1.5736792527;2.591078393;0.2892363161;0.559806333;0.2297494123;0.1407357973;0.2613109496;0.7183478678;3.5292171854;0.9796588174
12;18;3;2;1;7;2016;9.0366711409;2;0;0;0;0;0;0;0;0;0;0
12;18;3;2;1;7;2016;9.0366711409;3;0;0;0;0;0;0;0;0;0;0
12;18;3;3;1;1;2016;9.0366711409;1;0;0;0;0;0;0;0;0;0;0
12;18;3;3;1;1;2016;9.0366711409;2;0;0;0;0;0;0;0;0;0;0
12;18;3;3;1;1;2016;9.0366711409;3;0;0;0;0;0;0;0;0;0;0
12;18;3;3;1;2;2016;4.5183355705;1;0;0;0;0;0;0;0;0;0;0
12;18;3;3;1;2;2016;4.5183355705;2;0;0;0;0;0;0;0;0;0;0
12;18;3;3;1;2;2016;4.5183355705;3;0;0;0;0;0;0;0;0;0;0
12;18;3;3;1;4;2016;4.5183355705;1;0;0;0;0;0;0;0;0;0;0
12;18;3;3;1;4;2016;4.5183355705;2;0;0;0;0;0;0;0;0;0;0
12;18;3;3;1;4;2016;4.5183355705;3;0;0;0;0;0;0;0;0;0;0
12;18;3;3;1;5;2016;18.073342282;1;0;0;0;0;0;0;0;0;0;0
12;18;3;3;1;5;2016;18.073342282;2;0;0;0;0;0;0;0;0;0;0
12;18;3;3;1;5;2016;18.073342282;3;0;0;0;0;0;0;0;0;0;0
12;18;3;3;1;6;2016;31.628348993;1;0.0957707287;0.0917596928;0.0102429304;0.0198248178;0.0081362785;0.0049839764;0.0092539896;0.0254393614;0.1249826658;0.034693351
12;18;3;3;1;6;2016;31.628348993;2;0;0;0;0;0;0;0;0;0;0
12;18;3;3;1;6;2016;31.628348993;3;0;0;0;0;0;0;0;0;0;0
12;18;3;3;1;7;2016;4.5183355705;1;0;0;0;0;0;0;0;0;0;0
12;18;3;3;1;7;2016;4.5183355705;2;0;0;0;0;0;0;0;0;0;0
12;18;3;3;1;7;2016;4.5183355705;3;0;0;0;0;0;0;0;0;0;0
12;19;4;1;1;1;2016;625.40413006;1;0.9193814117;1.8193782495;0.1782711206;0.4728544719;0.1966817985;0.0934527644;0.1984374302;0.5616236941;2.4172044105;0.7600611243
12;19;4;1;1;1;2016;625.40413006;2;5.7195574763;10.814052702;1.7205581578;4.7914468035;3.1081688562;0.6410030771;1.4842228832;5.9486511482;22.597875534;7.4328740314
12;19;4;1;1;1;2016;625.40413006;3;9.0951846714;19.996382337;3.3818163457;5.0692900464;1.5579893241;0.5647598993;2.3925759335;6.6573435321;30.780613172;8.9919499425
12;19;4;1;1;2;2016;530.40603436;1;3.6703301241;8.3287508193;0.785686641;1.5996587434;0.566045756;0.470823297;0.841311626;2.4440137507;11.091729916;3.2853253767
12;19;4;1;1;2;2016;530.40603436;2;10.198496339;19.397553349;3.0403088536;7.2312700582;4.8226311003;1.1582622846;2.4154398421;10.001337329;37.701999941;12.416777171
12;19;4;1;1;2;2016;530.40603436;3;8.1115554811;17.451569897;3.093240793;3.8880216939;1.2626402406;0.3544537899;2.0431745138;6.4431603625;26.269766507;8.4650639629
12;19;4;1;1;3;2016;680.81968589;1;8.7583586581;17.667235035;1.9818278921;3.9991047243;1.4802200705;1.084173565;1.8856467277;5.220295902;23.725596503;7.1059426297
12;19;4;1;1;3;2016;680.81968589;2;2.5284910414;4.1674172686;0.7185803404;2.0734236965;1.5733222502;0.2533772855;0.5789266471;2.4945125864;9.2218586882;3.0734392335
12;19;4;1;1;3;2016;680.81968589;3;5.6076505199;11.197615809;1.9903743803;2.6113915174;0.9087735295;0.4263871743;1.4777820146;4.4334342268;17.294920427;5.8844395651
12;19;4;1;1;4;2016;2066.2085816;1;8.6602140811;15.458101892;2.0372895007;3.7275490011;1.6098856827;0.9463728664;1.6821882493;4.3970581524;22.150090892;6.0792464017
12;19;4;1;1;4;2016;2066.2085816;2;2.8439872901;4.2653311908;0.7147296055;1.890318038;1.4978398786;0.2908469776;0.5520662178;2.5004321049;9.0356740529;3.0524983227
12;19;4;1;1;4;2016;2066.2085816;3;2.9239885284;5.1527645018;0.9363827235;1.3877745535;0.5983711731;0.1609459815;0.7288433277;2.2531170159;8.2603555901;2.9647217847
12;19;4;1;1;5;2016;1227.0587362;1;7.2053556048;12.987828948;1.6816836934;3.2548693984;1.3435472266;0.8874136803;1.4406627376;3.8569909838;18.685911965;5.2976537215
12;19;4;1;1;5;2016;1227.0587362;2;1.5830945668;2.2218273219;0.3849436206;1.0227540667;0.8177476752;0.155948453;0.3042327253;1.3695254453;4.774476629;1.6737581706
12;19;4;1;1;5;2016;1227.0587362;3;5.4834740694;9.2145581286;1.7627685291;2.4183290933;0.9171406126;0.2833593594;1.3749304056;4.1526260501;14.763366101;5.4978218147
12;19;4;1;1;6;2016;2121.6241374;1;7.1257646372;10.627224149;1.691351065;2.8256187061;1.2756892538;0.7758792937;1.2245831316;3.0866622881;15.579472549;4.3112454197
12;19;4;1;1;6;2016;2121.6241374;2;0.6292364992;0.7523245495;0.1480580734;0.4058219453;0.3275173498;0.0589620476;0.1230824859;0.5916462316;1.8135170825;0.7147287175
12;19;4;1;1;6;2016;2121.6241374;3;1.0765259426;1.4815781052;0.2965335478;0.5019908261;0.2088463301;0.0735307345;0.270919875;0.7409692517;2.5829446709;1.0057605167
12;19;4;1;1;7;2016;15.833015951;1;1.8426575974;2.0880169752;0.708021532;0.6640277124;0.3703916116;0.3761220834;0.2893903555;0.6489119119;3.0931462621;0.9383022674
12;19;4;1;1;7;2016;15.833015951;2;0.1062572305;0.0782623198;0.0238733511;0.1098740782;0.0939416231;0.0052065875;0.0214237577;0.093264096;0.2390358686;0.1146878537
12;19;4;1;1;7;2016;15.833015951;3;1.3578746668;1.0268571918;2.2634744168;3.4785164909;0.0647075049;0.2587940692;5.6547497664;9.4337609366;10.608845659;14.537501245
12;19;4;2;1;1;2016;7.9165079755;1;3.5188271605;7.6690646095;0.73513494;1.0655864417;0.2832869757;0.0773718229;0.8780802991;2.7294026272;8.5014439;3.6074829263
12;19;4;2;1;1;2016;7.9165079755;2;2.3936728395;3.3028605569;0.507504839;1.3375155772;0.999383275;0.1914688695;0.4073761825;1.7235098944;6.6957125455;2.130886077
12;19;4;2;1;1;2016;7.9165079755;3;1.3741049383;2.9641003689;0.5187257789;0.6702459735;0.2411924446;0.0640957501;0.3653167385;1.1596825804;4.498810008;1.5179828292
12;19;4;2;1;3;2016;47.499047853;1;0.6256717632;0.8874741385;0.1299893255;0.3632080836;0.1539961745;0.0780948753;0.1254520998;0.3405151042;1.3786245974;0.465967204
12;19;4;2;1;3;2016;47.499047853;2;0;0;0;0;0;0;0;0;0;0
12;19;4;2;1;3;2016;47.499047853;3;0.9013101775;1.1230352421;0.1965342796;0.2539420922;0.0913827407;0.0242845306;0.1384108231;0.439379321;1.7045044222;0.5751317439
12;19;4;2;1;4;2016;15.833015951;1;4.2002065205;6.3158759336;0.6979236726;1.9806412673;0.7862884804;0.3441922507;0.6640056238;1.8058585086;10.171989062;2.4698641324
12;19;4;2;1;4;2016;15.833015951;2;0.7540658725;0.7734027425;0.1188380882;0.3131946377;0.2340170747;0.0448346354;0.0953918131;0.4035796414;1.5678780125;0.4989714544
12;19;4;2;1;4;2016;15.833015951;3;0.6732244354;0.7433296128;0.1300847422;0.1680825944;0.0604856328;0.0160737705;0.0916132101;0.2908222719;1.1282002244;0.3806759044
12;19;4;2;1;5;2016;94.998095706;1;1.2472383168;1.6205702102;0.2679025388;0.3315400407;0.1421509512;0.1270134747;0.2167679179;0.5576419953;2.5686719091;0.7744099132
12;19;4;2;1;5;2016;94.998095706;2;0;0;0;0;0;0;0;0;0;0
12;19;4;2;1;5;2016;94.998095706;3;0.8832825392;1.5797720045;0.3347928759;0.6970598323;0.2584160482;0.0205546996;0.2279584443;0.5666995758;2.7858561386;0.7846672212
12;19;4;2;1;6;2016;150.41365153;1;1.8939298512;2.411570315;0.4352357393;0.8359098377;0.3467394223;0.150362554;0.3216764902;0.8304620688;3.5859053198;1.1521385591
12;19;4;2;1;6;2016;150.41365153;2;0;0;0;0;0;0;0;0;0;0
12;19;4;2;1;6;2016;150.41365153;3;0.377607561;0.4860647152;0.0850626722;0.1099095434;0.0395516758;0.0105106706;0.0599060606;0.1901692632;0.7377323751;0.2489247325
12;19;4;2;1;7;2016;7.9165079755;1;1.2047858229;1.4184073029;0.1583336514;0.3064490032;0.1257693496;0.077041545;0.1430467562;0.3932377594;1.9319629397;0.5362845156
12;19;4;2;1;7;2016;7.9165079755;2;0;0;0;0;0;0;0;0;0;0
12;19;4;2;1;7;2016;7.9165079755;3;0;0;0;0;0;0;0;0;0;0
12;19;4;3;1;3;2016;39.582539877;1;0;0;0;0;0;0;0;0;0;0
12;19;4;3;1;3;2016;39.582539877;2;0;0;0;0;0;0;0;0;0;0
12;19;4;3;1;3;2016;39.582539877;3;0;0;0;0;0;0;0;0;0;0
12;19;4;3;1;5;2016;63.332063804;1;0;0;0;0;0;0;0;0;0;0
12;19;4;3;1;5;2016;63.332063804;2;0;0;0;0;0;0;0;0;0;0
12;19;4;3;1;5;2016;63.332063804;3;0;0;0;0;0;0;0;0;0;0
12;19;4;3;1;6;2016;102.91460368;1;0;0;0;0;0;0;0;0;0;0
12;19;4;3;1;6;2016;102.91460368;2;0;0;0;0;0;0;0;0;0;0
12;19;4;3;1;6;2016;102.91460368;3;0;0;0;0;0;0;0;0;0;0
12;19;4;3;1;7;2016;39.582539877;1;0;0;0;0;0;0;0;0;0;0
12;19;4;3;1;7;2016;39.582539877;2;0;0;0;0;0;0;0;0;0;0
12;19;4;3;1;7;2016;39.582539877;3;0;0;0;0;0;0;0;0;0;0
12;21;2;1;1;1;2016;6.9248736999;1;0.3992695473;0.7459131321;0.049680493;0.1089800854;0.0372235961;0.0300631878;0.0598839773;0.1930028554;0.9159466769;0.2528868327
12;21;2;1;1;1;2016;6.9248736999;2;11.874568865;18.593102952;3.4855250377;11.221235359;6.8858862976;1.0256018266;3.5499651571;12.942210346;46.092608198;16.492175503
12;21;2;1;1;1;2016;6.9248736999;3;23.576266261;73.286002139;12.806716149;11.728082901;3.9725106674;0.941271742;6.7288761253;21.795675806;106.22015786;28.650047991
12;21;2;1;1;2;2016;2.3082912333;1;2.2222530864;5.7450460447;0.4065443917;0.8742461627;0.3059552564;0.232924087;0.4804600932;1.5125214505;7.1197587008;1.9929815437
12;21;2;1;1;2;2016;2.3082912333;2;9.2739506173;19.187685287;2.3873464957;5.5834540856;3.7618837502;0.9332314809;1.9756974648;7.6056850166;33.600983503;9.5813824814
12;21;2;1;1;2;2016;2.3082912333;3;20.931487964;42.833010758;9.0813875043;12.534238169;4.4253173514;0.3683284784;5.0598813003;15.706820341;67.502618347;20.776308064
12;21;2;1;1;3;2016;0;1;;;;;;;;;;
12;21;2;1;1;3;2016;0;2;;;;;;;;;;
12;21;2;1;1;3;2016;0;3;;;;;;;;;;
12;21;2;1;1;4;2016;2.3082912333;1;9.6164814815;19.949921687;1.3439398087;6.7122718699;2.1941245538;1.4049507433;2.5884200476;8.5187591299;25.000014767;11.107179177
12;21;2;1;1;4;2016;2.3082912333;2;1.3611111111;2.4596474201;0.3420151894;0.8271693304;0.6467786178;0.131857712;0.2731253152;1.1511886184;4.6447565938;1.4243139336
12;21;2;1;1;4;2016;2.3082912333;3;2.0647222222;5.243693945;0.9122473358;0.9829449178;0.3630321432;0.0745288327;0.5258926867;1.949656202;7.5408489612;2.4666820981
12;21;2;1;1;5;2016;2.3082912333;1;17.123410529;23.70438533;4.8998905801;10.940786322;5.5013851274;1.5193250302;3.2681069842;8.0304263677;33.313201711;11.298533352
12;21;2;1;1;5;2016;2.3082912333;2;0;0;0;0;0;0;0;0;0;0
12;21;2;1;1;5;2016;2.3082912333;3;0.6797476234;1.1920932276;0.2092934686;0.2325094069;0.0932858441;0.0160399203;0.1253631776;0.4624546952;1.742417634;0.5862493347
12;21;2;1;1;6;2016;4.6165824666;1;16.735285567;32.074228919;3.349574844;8.4222006615;3.1706232281;1.4235107642;3.582509507;9.9564524969;38.025265533;13.538962004
12;21;2;1;1;6;2016;4.6165824666;2;0;0;0;0;0;0;0;0;0;0
12;21;2;1;1;6;2016;4.6165824666;3;0.2680401514;0.3804543579;0.0763750711;0.0745673094;0.0309285557;0.0052574728;0.0590962449;0.2245329942;0.5813366033;0.282972286
