region;soil;ground;litter_source;litter_type;year;A;W;E;N
south;org;above;logging;coarse_woody_litter;2011;0.092588792;0.002243933;0.000260942;0.036531267
south;org;above;logging;coarse_woody_litter;2012;0.091571572;0.002236437;0.000273218;0.036200864
south;org;above;logging;coarse_woody_litter;2013;0.105608433;0.002559996;0.000295643;0.041822633
south;org;above;logging;coarse_woody_litter;2014;0.104248289;0.002537954;0.000301542;0.041325433
south;org;above;logging;coarse_woody_litter;2015;0.1140361;0.002757696;0.000313202;0.045146353
south;org;above;logging;coarse_woody_litter;2016;0.119129407;0.00288184;0.000325352;0.047334104
south;org;above;logging;coarse_woody_litter;2017;0.12592047;0.003064211;0.000359201;0.050148362
south;org;above;logging;coarse_woody_litter;2018;0.141726555;0.003455816;0.000410423;0.056473293
south;org;above;logging;coarse_woody_litter;2019;0.134700452;0.003267021;0.000375759;0.053532934
south;org;above;logging;coarse_woody_litter;2020;0.123504348;0.00299022;0.000339945;0.049058352
south;org;above;logging;coarse_woody_litter;2021;0.137352033;0.003333246;0.000383278;0.054691767
south;org;above;logging;coarse_woody_litter;2022;0.105041236;0.002563731;0.000302397;0.042109908
south;org;above;logging;coarse_woody_litter;2023;0.105041236;0.002563731;0.000302397;0.042109908
south;org;above;logging;coarse_woody_litter;2024;0.105041236;0.002563731;0.000302397;0.042109908
south;org;above;logging;coarse_woody_litter;2025;0.105041236;0.002563731;0.000302397;0.042109908
south;org;above;logging;coarse_woody_litter;2026;0.105041236;0.002563731;0.000302397;0.042109908
south;org;above;logging;coarse_woody_litter;2027;0.105041236;0.002563731;0.000302397;0.042109908
south;org;above;logging;coarse_woody_litter;2028;0.105041236;0.002563731;0.000302397;0.042109908
south;org;above;logging;coarse_woody_litter;2029;0.105041236;0.002563731;0.000302397;0.042109908
south;org;above;logging;coarse_woody_litter;2030;0.105041236;0.002563731;0.000302397;0.042109908
south;org;above;logging;coarse_woody_litter;2031;0.105041236;0.002563731;0.000302397;0.042109908
south;org;above;logging;coarse_woody_litter;2032;0.105041236;0.002563731;0.000302397;0.042109908
south;org;above;logging;coarse_woody_litter;2033;0.105041236;0.002563731;0.000302397;0.042109908
south;org;above;logging;coarse_woody_litter;2034;0.105041236;0.002563731;0.000302397;0.042109908
south;org;above;logging;coarse_woody_litter;2035;0.105041236;0.002563731;0.000302397;0.042109908
south;org;above;logging;coarse_woody_litter;2036;0.105041236;0.002563731;0.000302397;0.042109908
south;org;above;logging;coarse_woody_litter;2037;0.105041236;0.002563731;0.000302397;0.042109908
south;org;above;logging;coarse_woody_litter;2038;0.105041236;0.002563731;0.000302397;0.042109908
south;org;above;logging;coarse_woody_litter;2039;0.105041236;0.002563731;0.000302397;0.042109908
south;org;above;logging;coarse_woody_litter;2040;0.105041236;0.002563731;0.000302397;0.042109908
south;org;above;logging;coarse_woody_litter;2041;0.105041236;0.002563731;0.000302397;0.042109908
south;org;above;logging;coarse_woody_litter;2042;0.105041236;0.002563731;0.000302397;0.042109908
south;org;above;logging;coarse_woody_litter;2043;0.105041236;0.002563731;0.000302397;0.042109908
south;org;above;logging;coarse_woody_litter;2044;0.105041236;0.002563731;0.000302397;0.042109908
south;org;above;logging;coarse_woody_litter;2045;0.105041236;0.002563731;0.000302397;0.042109908
south;org;above;logging;coarse_woody_litter;2046;0.105041236;0.002563731;0.000302397;0.042109908
south;org;above;logging;coarse_woody_litter;2047;0.105041236;0.002563731;0.000302397;0.042109908
south;org;above;logging;coarse_woody_litter;2048;0.105041236;0.002563731;0.000302397;0.042109908
south;org;above;logging;coarse_woody_litter;2049;0.105041236;0.002563731;0.000302397;0.042109908
south;org;above;logging;coarse_woody_litter;2050;0.105041236;0.002563731;0.000302397;0.042109908
south;org;above;logging;fine_woody_litter;2011;0.050539597;0.00202431;0.008337873;0.045810813
south;org;above;logging;fine_woody_litter;2012;0.049978648;0.002001841;0.008245329;0.045302349
south;org;above;logging;fine_woody_litter;2013;0.057513152;0.002303628;0.009488349;0.052131881
south;org;above;logging;fine_woody_litter;2014;0.059221738;0.002372064;0.009770227;0.053680602
south;org;above;logging;fine_woody_litter;2015;0.062798621;0.002515332;0.01036033;0.05692281
south;org;above;logging;fine_woody_litter;2016;0.067006875;0.002683889;0.011054596;0.060737315
south;org;above;logging;fine_woody_litter;2017;0.067466542;0.0027023;0.01113043;0.061153972
south;org;above;logging;fine_woody_litter;2018;0.072478215;0.002903038;0.011957241;0.065696724
south;org;above;logging;fine_woody_litter;2019;0.068495796;0.002743526;0.011300233;0.062086924
south;org;above;logging;fine_woody_litter;2020;0.063146865;0.00252928;0.010417783;0.057238471
south;org;above;logging;fine_woody_litter;2021;0.071512059;0.002864339;0.011797848;0.064820967
south;org;above;logging;fine_woody_litter;2022;0.071512059;0.002864339;0.011797848;0.064820967
south;org;above;logging;fine_woody_litter;2023;0.071512059;0.002864339;0.011797848;0.064820967
south;org;above;logging;fine_woody_litter;2024;0.071512059;0.002864339;0.011797848;0.064820967
south;org;above;logging;fine_woody_litter;2025;0.071512059;0.002864339;0.011797848;0.064820967
south;org;above;logging;fine_woody_litter;2026;0.071512059;0.002864339;0.011797848;0.064820967
south;org;above;logging;fine_woody_litter;2027;0.071512059;0.002864339;0.011797848;0.064820967
south;org;above;logging;fine_woody_litter;2028;0.071512059;0.002864339;0.011797848;0.064820967
south;org;above;logging;fine_woody_litter;2029;0.071512059;0.002864339;0.011797848;0.064820967
south;org;above;logging;fine_woody_litter;2030;0.071512059;0.002864339;0.011797848;0.064820967
south;org;above;logging;fine_woody_litter;2031;0.071512059;0.002864339;0.011797848;0.064820967
south;org;above;logging;fine_woody_litter;2032;0.071512059;0.002864339;0.011797848;0.064820967
south;org;above;logging;fine_woody_litter;2033;0.071512059;0.002864339;0.011797848;0.064820967
south;org;above;logging;fine_woody_litter;2034;0.071512059;0.002864339;0.011797848;0.064820967
south;org;above;logging;fine_woody_litter;2035;0.071512059;0.002864339;0.011797848;0.064820967
south;org;above;logging;fine_woody_litter;2036;0.071512059;0.002864339;0.011797848;0.064820967
south;org;above;logging;fine_woody_litter;2037;0.071512059;0.002864339;0.011797848;0.064820967
south;org;above;logging;fine_woody_litter;2038;0.071512059;0.002864339;0.011797848;0.064820967
south;org;above;logging;fine_woody_litter;2039;0.071512059;0.002864339;0.011797848;0.064820967
south;org;above;logging;fine_woody_litter;2040;0.071512059;0.002864339;0.011797848;0.064820967
south;org;above;logging;fine_woody_litter;2041;0.071512059;0.002864339;0.011797848;0.064820967
south;org;above;logging;fine_woody_litter;2042;0.071512059;0.002864339;0.011797848;0.064820967
south;org;above;logging;fine_woody_litter;2043;0.071512059;0.002864339;0.011797848;0.064820967
south;org;above;logging;fine_woody_litter;2044;0.071512059;0.002864339;0.011797848;0.064820967
south;org;above;logging;fine_woody_litter;2045;0.071512059;0.002864339;0.011797848;0.064820967
south;org;above;logging;fine_woody_litter;2046;0.071512059;0.002864339;0.011797848;0.064820967
south;org;above;logging;fine_woody_litter;2047;0.071512059;0.002864339;0.011797848;0.064820967
south;org;above;logging;fine_woody_litter;2048;0.071512059;0.002864339;0.011797848;0.064820967
south;org;above;logging;fine_woody_litter;2049;0.071512059;0.002864339;0.011797848;0.064820967
south;org;above;logging;fine_woody_litter;2050;0.071512059;0.002864339;0.011797848;0.064820967
south;org;above;logging;non-woody_litter;2011;0.029785417;0.010100016;0.005049339;0.017979791
south;org;above;logging;non-woody_litter;2012;0.029648933;0.010024885;0.005011808;0.017816093
south;org;above;logging;non-woody_litter;2013;0.032802741;0.011109753;0.005554112;0.01983229
south;org;above;logging;non-woody_litter;2014;0.03304453;0.011193031;0.005595788;0.019911124
south;org;above;logging;non-woody_litter;2015;0.034930469;0.011881234;0.005939876;0.021055683
south;org;above;logging;non-woody_litter;2016;0.036950938;0.012482423;0.006240288;0.02240494
south;org;above;logging;non-woody_litter;2017;0.038203419;0.012916488;0.006457329;0.023113575
south;org;above;logging;non-woody_litter;2018;0.040993119;0.013862491;0.006930262;0.024806243
south;org;above;logging;non-woody_litter;2019;0.037605227;0.012824232;0.006411295;0.022740947
south;org;above;logging;non-woody_litter;2020;0.035348653;0.012046502;0.006022485;0.021358618
south;org;above;logging;non-woody_litter;2021;0.039783933;0.013450901;0.006724463;0.024123765
south;org;above;logging;non-woody_litter;2022;0.039783933;0.013450901;0.006724463;0.024123765
south;org;above;logging;non-woody_litter;2023;0.039783933;0.013450901;0.006724463;0.024123765
south;org;above;logging;non-woody_litter;2024;0.039783933;0.013450901;0.006724463;0.024123765
south;org;above;logging;non-woody_litter;2025;0.039783933;0.013450901;0.006724463;0.024123765
south;org;above;logging;non-woody_litter;2026;0.039783933;0.013450901;0.006724463;0.024123765
south;org;above;logging;non-woody_litter;2027;0.039783933;0.013450901;0.006724463;0.024123765
south;org;above;logging;non-woody_litter;2028;0.039783933;0.013450901;0.006724463;0.024123765
south;org;above;logging;non-woody_litter;2029;0.039783933;0.013450901;0.006724463;0.024123765
south;org;above;logging;non-woody_litter;2030;0.039783933;0.013450901;0.006724463;0.024123765
south;org;above;logging;non-woody_litter;2031;0.039783933;0.013450901;0.006724463;0.024123765
south;org;above;logging;non-woody_litter;2032;0.039783933;0.013450901;0.006724463;0.024123765
south;org;above;logging;non-woody_litter;2033;0.039783933;0.013450901;0.006724463;0.024123765
south;org;above;logging;non-woody_litter;2034;0.039783933;0.013450901;0.006724463;0.024123765
south;org;above;logging;non-woody_litter;2035;0.039783933;0.013450901;0.006724463;0.024123765
south;org;above;logging;non-woody_litter;2036;0.039783933;0.013450901;0.006724463;0.024123765
south;org;above;logging;non-woody_litter;2037;0.039783933;0.013450901;0.006724463;0.024123765
south;org;above;logging;non-woody_litter;2038;0.039783933;0.013450901;0.006724463;0.024123765
south;org;above;logging;non-woody_litter;2039;0.039783933;0.013450901;0.006724463;0.024123765
south;org;above;logging;non-woody_litter;2040;0.039783933;0.013450901;0.006724463;0.024123765
south;org;above;logging;non-woody_litter;2041;0.039783933;0.013450901;0.006724463;0.024123765
south;org;above;logging;non-woody_litter;2042;0.039783933;0.013450901;0.006724463;0.024123765
south;org;above;logging;non-woody_litter;2043;0.039783933;0.013450901;0.006724463;0.024123765
south;org;above;logging;non-woody_litter;2044;0.039783933;0.013450901;0.006724463;0.024123765
south;org;above;logging;non-woody_litter;2045;0.039783933;0.013450901;0.006724463;0.024123765
south;org;above;logging;non-woody_litter;2046;0.039783933;0.013450901;0.006724463;0.024123765
south;org;above;logging;non-woody_litter;2047;0.039783933;0.013450901;0.006724463;0.024123765
south;org;above;logging;non-woody_litter;2048;0.039783933;0.013450901;0.006724463;0.024123765
south;org;above;logging;non-woody_litter;2049;0.039783933;0.013450901;0.006724463;0.024123765
south;org;above;logging;non-woody_litter;2050;0.039783933;0.013450901;0.006724463;0.024123765
south;org;below;logging;fine_woody_litter;2011;0.158198103;0.004148598;0.000696142;0.065415439
south;org;below;logging;fine_woody_litter;2012;0.156444629;0.004126342;0.000709374;0.06478815
south;org;below;logging;fine_woody_litter;2013;0.173717434;0.00455142;0.000760186;0.071851379
south;org;below;logging;fine_woody_litter;2014;0.175076553;0.004601597;0.000779592;0.072436544
south;org;below;logging;fine_woody_litter;2015;0.186882941;0.004900063;0.000822804;0.077204518
south;org;below;logging;fine_woody_litter;2016;0.194471921;0.005087392;0.000842816;0.080484554
south;org;below;logging;fine_woody_litter;2017;0.201487996;0.005279952;0.000881873;0.083382726
south;org;below;logging;fine_woody_litter;2018;0.216302601;0.00566653;0.000945296;0.089505152
south;org;below;logging;fine_woody_litter;2019;0.202385592;0.005283786;0.000871134;0.083504877
south;org;below;logging;fine_woody_litter;2020;0.189946971;0.004964562;0.000822423;0.078398063
south;org;below;logging;fine_woody_litter;2021;0.209803333;0.00548595;0.000907308;0.086802806
south;org;below;logging;fine_woody_litter;2022;0.209803333;0.00548595;0.000907308;0.086802806
south;org;below;logging;fine_woody_litter;2023;0.209803333;0.00548595;0.000907308;0.086802806
south;org;below;logging;fine_woody_litter;2024;0.209803333;0.00548595;0.000907308;0.086802806
south;org;below;logging;fine_woody_litter;2025;0.209803333;0.00548595;0.000907308;0.086802806
south;org;below;logging;fine_woody_litter;2026;0.209803333;0.00548595;0.000907308;0.086802806
south;org;below;logging;fine_woody_litter;2027;0.209803333;0.00548595;0.000907308;0.086802806
south;org;below;logging;fine_woody_litter;2028;0.209803333;0.00548595;0.000907308;0.086802806
south;org;below;logging;fine_woody_litter;2029;0.209803333;0.00548595;0.000907308;0.086802806
south;org;below;logging;fine_woody_litter;2030;0.209803333;0.00548595;0.000907308;0.086802806
south;org;below;logging;fine_woody_litter;2031;0.209803333;0.00548595;0.000907308;0.086802806
south;org;below;logging;fine_woody_litter;2032;0.209803333;0.00548595;0.000907308;0.086802806
south;org;below;logging;fine_woody_litter;2033;0.209803333;0.00548595;0.000907308;0.086802806
south;org;below;logging;fine_woody_litter;2034;0.209803333;0.00548595;0.000907308;0.086802806
south;org;below;logging;fine_woody_litter;2035;0.209803333;0.00548595;0.000907308;0.086802806
south;org;below;logging;fine_woody_litter;2036;0.209803333;0.00548595;0.000907308;0.086802806
south;org;below;logging;fine_woody_litter;2037;0.209803333;0.00548595;0.000907308;0.086802806
south;org;below;logging;fine_woody_litter;2038;0.209803333;0.00548595;0.000907308;0.086802806
south;org;below;logging;fine_woody_litter;2039;0.209803333;0.00548595;0.000907308;0.086802806
south;org;below;logging;fine_woody_litter;2040;0.209803333;0.00548595;0.000907308;0.086802806
south;org;below;logging;fine_woody_litter;2041;0.209803333;0.00548595;0.000907308;0.086802806
south;org;below;logging;fine_woody_litter;2042;0.209803333;0.00548595;0.000907308;0.086802806
south;org;below;logging;fine_woody_litter;2043;0.209803333;0.00548595;0.000907308;0.086802806
south;org;below;logging;fine_woody_litter;2044;0.209803333;0.00548595;0.000907308;0.086802806
south;org;below;logging;fine_woody_litter;2045;0.209803333;0.00548595;0.000907308;0.086802806
south;org;below;logging;fine_woody_litter;2046;0.209803333;0.00548595;0.000907308;0.086802806
south;org;below;logging;fine_woody_litter;2047;0.209803333;0.00548595;0.000907308;0.086802806
south;org;below;logging;fine_woody_litter;2048;0.209803333;0.00548595;0.000907308;0.086802806
south;org;below;logging;fine_woody_litter;2049;0.209803333;0.00548595;0.000907308;0.086802806
south;org;below;logging;fine_woody_litter;2050;0.209803333;0.00548595;0.000907308;0.086802806
south;org;below;logging;non-woody_litter;2011;0.023197295;0.005792924;0.002895861;0.0101678
south;org;below;logging;non-woody_litter;2012;0.02345985;0.005829865;0.002914336;0.010242574
south;org;below;logging;non-woody_litter;2013;0.025390208;0.006344626;0.003171645;0.01113807
south;org;below;logging;non-woody_litter;2014;0.025899321;0.00645519;0.003226929;0.011334464
south;org;below;logging;non-woody_litter;2015;0.027370584;0.006837832;0.003418222;0.011994453
south;org;below;logging;non-woody_litter;2016;0.028271709;0.007071977;0.003535222;0.012419972
south;org;below;logging;non-woody_litter;2017;0.029479288;0.007364204;0.003681317;0.012932564
south;org;below;logging;non-woody_litter;2018;0.031610579;0.00789864;0.003948478;0.013870262
south;org;below;logging;non-woody_litter;2019;0.029140287;0.00730772;0.003653113;0.012808013
south;org;below;logging;non-woody_litter;2020;0.027470791;0.006882194;0.003440395;0.012064849
south;org;below;logging;non-woody_litter;2021;0.030441684;0.00761827;0.003808311;0.013376657
south;org;below;logging;non-woody_litter;2022;0.030441684;0.00761827;0.003808311;0.013376657
south;org;below;logging;non-woody_litter;2023;0.030441684;0.00761827;0.003808311;0.013376657
south;org;below;logging;non-woody_litter;2024;0.030441684;0.00761827;0.003808311;0.013376657
south;org;below;logging;non-woody_litter;2025;0.030441684;0.00761827;0.003808311;0.013376657
south;org;below;logging;non-woody_litter;2026;0.030441684;0.00761827;0.003808311;0.013376657
south;org;below;logging;non-woody_litter;2027;0.030441684;0.00761827;0.003808311;0.013376657
south;org;below;logging;non-woody_litter;2028;0.030441684;0.00761827;0.003808311;0.013376657
south;org;below;logging;non-woody_litter;2029;0.030441684;0.00761827;0.003808311;0.013376657
south;org;below;logging;non-woody_litter;2030;0.030441684;0.00761827;0.003808311;0.013376657
south;org;below;logging;non-woody_litter;2031;0.030441684;0.00761827;0.003808311;0.013376657
south;org;below;logging;non-woody_litter;2032;0.030441684;0.00761827;0.003808311;0.013376657
south;org;below;logging;non-woody_litter;2033;0.030441684;0.00761827;0.003808311;0.013376657
south;org;below;logging;non-woody_litter;2034;0.030441684;0.00761827;0.003808311;0.013376657
south;org;below;logging;non-woody_litter;2035;0.030441684;0.00761827;0.003808311;0.013376657
south;org;below;logging;non-woody_litter;2036;0.030441684;0.00761827;0.003808311;0.013376657
south;org;below;logging;non-woody_litter;2037;0.030441684;0.00761827;0.003808311;0.013376657
south;org;below;logging;non-woody_litter;2038;0.030441684;0.00761827;0.003808311;0.013376657
south;org;below;logging;non-woody_litter;2039;0.030441684;0.00761827;0.003808311;0.013376657
south;org;below;logging;non-woody_litter;2040;0.030441684;0.00761827;0.003808311;0.013376657
south;org;below;logging;non-woody_litter;2041;0.030441684;0.00761827;0.003808311;0.013376657
south;org;below;logging;non-woody_litter;2042;0.030441684;0.00761827;0.003808311;0.013376657
south;org;below;logging;non-woody_litter;2043;0.030441684;0.00761827;0.003808311;0.013376657
south;org;below;logging;non-woody_litter;2044;0.030441684;0.00761827;0.003808311;0.013376657
south;org;below;logging;non-woody_litter;2045;0.030441684;0.00761827;0.003808311;0.013376657
south;org;below;logging;non-woody_litter;2046;0.030441684;0.00761827;0.003808311;0.013376657
south;org;below;logging;non-woody_litter;2047;0.030441684;0.00761827;0.003808311;0.013376657
south;org;below;logging;non-woody_litter;2048;0.030441684;0.00761827;0.003808311;0.013376657
south;org;below;logging;non-woody_litter;2049;0.030441684;0.00761827;0.003808311;0.013376657
south;org;below;logging;non-woody_litter;2050;0.030441684;0.00761827;0.003808311;0.013376657
south;org;above;natmort;coarse_woody_litter;2011;0.050379611;0.001394719;0.000291146;0.020855592
south;org;above;natmort;coarse_woody_litter;2012;0.050389302;0.001394988;0.000291202;0.020859605
south;org;above;natmort;coarse_woody_litter;2013;0.05041659;0.001395743;0.00029136;0.020870901
south;org;above;natmort;coarse_woody_litter;2014;0.050425487;0.001395989;0.000291412;0.020874584
south;org;above;natmort;coarse_woody_litter;2015;0.050441845;0.001396442;0.000291506;0.020881356
south;org;above;natmort;coarse_woody_litter;2016;0.050458194;0.001396895;0.000291601;0.020888124
south;org;above;natmort;coarse_woody_litter;2017;0.05046728;0.001397146;0.000291653;0.020891885
south;org;above;natmort;coarse_woody_litter;2018;0.050470946;0.001397248;0.000291674;0.020893402
south;org;above;natmort;coarse_woody_litter;2019;0.050479785;0.001397493;0.000291725;0.020897061
south;org;above;natmort;coarse_woody_litter;2020;0.050479495;0.001397485;0.000291724;0.020896941
south;org;above;natmort;coarse_woody_litter;2021;0.050488955;0.001397746;0.000291778;0.020900858
south;org;above;natmort;coarse_woody_litter;2022;0.050488955;0.001397746;0.000291778;0.020900858
south;org;above;natmort;coarse_woody_litter;2023;0.050488955;0.001397746;0.000291778;0.020900858
south;org;above;natmort;coarse_woody_litter;2024;0.050488955;0.001397746;0.000291778;0.020900858
south;org;above;natmort;coarse_woody_litter;2025;0.050488955;0.001397746;0.000291778;0.020900858
south;org;above;natmort;coarse_woody_litter;2026;0.050488955;0.001397746;0.000291778;0.020900858
south;org;above;natmort;coarse_woody_litter;2027;0.050488955;0.001397746;0.000291778;0.020900858
south;org;above;natmort;coarse_woody_litter;2028;0.050488955;0.001397746;0.000291778;0.020900858
south;org;above;natmort;coarse_woody_litter;2029;0.050488955;0.001397746;0.000291778;0.020900858
south;org;above;natmort;coarse_woody_litter;2030;0.050488955;0.001397746;0.000291778;0.020900858
south;org;above;natmort;coarse_woody_litter;2031;0.050488955;0.001397746;0.000291778;0.020900858
south;org;above;natmort;coarse_woody_litter;2032;0.050488955;0.001397746;0.000291778;0.020900858
south;org;above;natmort;coarse_woody_litter;2033;0.050488955;0.001397746;0.000291778;0.020900858
south;org;above;natmort;coarse_woody_litter;2034;0.050488955;0.001397746;0.000291778;0.020900858
south;org;above;natmort;coarse_woody_litter;2035;0.050488955;0.001397746;0.000291778;0.020900858
south;org;above;natmort;coarse_woody_litter;2036;0.050488955;0.001397746;0.000291778;0.020900858
south;org;above;natmort;coarse_woody_litter;2037;0.050488955;0.001397746;0.000291778;0.020900858
south;org;above;natmort;coarse_woody_litter;2038;0.050488955;0.001397746;0.000291778;0.020900858
south;org;above;natmort;coarse_woody_litter;2039;0.050488955;0.001397746;0.000291778;0.020900858
south;org;above;natmort;coarse_woody_litter;2040;0.050488955;0.001397746;0.000291778;0.020900858
south;org;above;natmort;coarse_woody_litter;2041;0.050488955;0.001397746;0.000291778;0.020900858
south;org;above;natmort;coarse_woody_litter;2042;0.050488955;0.001397746;0.000291778;0.020900858
south;org;above;natmort;coarse_woody_litter;2043;0.050488955;0.001397746;0.000291778;0.020900858
south;org;above;natmort;coarse_woody_litter;2044;0.050488955;0.001397746;0.000291778;0.020900858
south;org;above;natmort;coarse_woody_litter;2045;0.050488955;0.001397746;0.000291778;0.020900858
south;org;above;natmort;coarse_woody_litter;2046;0.050488955;0.001397746;0.000291778;0.020900858
south;org;above;natmort;coarse_woody_litter;2047;0.050488955;0.001397746;0.000291778;0.020900858
south;org;above;natmort;coarse_woody_litter;2048;0.050488955;0.001397746;0.000291778;0.020900858
south;org;above;natmort;coarse_woody_litter;2049;0.050488955;0.001397746;0.000291778;0.020900858
south;org;above;natmort;coarse_woody_litter;2050;0.050488955;0.001397746;0.000291778;0.020900858
south;org;above;natmort;fine_woody_litter;2011;0.004585571;0.00018367;0.000756514;0.004156517
south;org;above;natmort;fine_woody_litter;2012;0.004586453;0.000183705;0.000756659;0.004157317
south;org;above;natmort;fine_woody_litter;2013;0.004588936;0.000183805;0.000757069;0.004159568
south;org;above;natmort;fine_woody_litter;2014;0.004589746;0.000183837;0.000757203;0.004160302
south;org;above;natmort;fine_woody_litter;2015;0.004591235;0.000183897;0.000757448;0.004161652
south;org;above;natmort;fine_woody_litter;2016;0.004592723;0.000183957;0.000757694;0.004163001
south;org;above;natmort;fine_woody_litter;2017;0.00459355;0.00018399;0.00075783;0.004163751
south;org;above;natmort;fine_woody_litter;2018;0.004593884;0.000184003;0.000757885;0.004164053
south;org;above;natmort;fine_woody_litter;2019;0.004594688;0.000184035;0.000758018;0.004164782
south;org;above;natmort;fine_woody_litter;2020;0.004594662;0.000184034;0.000758014;0.004164758
south;org;above;natmort;fine_woody_litter;2021;0.004595523;0.000184069;0.000758156;0.004165539
south;org;above;natmort;fine_woody_litter;2022;0.004595523;0.000184069;0.000758156;0.004165539
south;org;above;natmort;fine_woody_litter;2023;0.004595523;0.000184069;0.000758156;0.004165539
south;org;above;natmort;fine_woody_litter;2024;0.004595523;0.000184069;0.000758156;0.004165539
south;org;above;natmort;fine_woody_litter;2025;0.004595523;0.000184069;0.000758156;0.004165539
south;org;above;natmort;fine_woody_litter;2026;0.004595523;0.000184069;0.000758156;0.004165539
south;org;above;natmort;fine_woody_litter;2027;0.004595523;0.000184069;0.000758156;0.004165539
south;org;above;natmort;fine_woody_litter;2028;0.004595523;0.000184069;0.000758156;0.004165539
south;org;above;natmort;fine_woody_litter;2029;0.004595523;0.000184069;0.000758156;0.004165539
south;org;above;natmort;fine_woody_litter;2030;0.004595523;0.000184069;0.000758156;0.004165539
south;org;above;natmort;fine_woody_litter;2031;0.004595523;0.000184069;0.000758156;0.004165539
south;org;above;natmort;fine_woody_litter;2032;0.004595523;0.000184069;0.000758156;0.004165539
south;org;above;natmort;fine_woody_litter;2033;0.004595523;0.000184069;0.000758156;0.004165539
south;org;above;natmort;fine_woody_litter;2034;0.004595523;0.000184069;0.000758156;0.004165539
south;org;above;natmort;fine_woody_litter;2035;0.004595523;0.000184069;0.000758156;0.004165539
south;org;above;natmort;fine_woody_litter;2036;0.004595523;0.000184069;0.000758156;0.004165539
south;org;above;natmort;fine_woody_litter;2037;0.004595523;0.000184069;0.000758156;0.004165539
south;org;above;natmort;fine_woody_litter;2038;0.004595523;0.000184069;0.000758156;0.004165539
south;org;above;natmort;fine_woody_litter;2039;0.004595523;0.000184069;0.000758156;0.004165539
south;org;above;natmort;fine_woody_litter;2040;0.004595523;0.000184069;0.000758156;0.004165539
south;org;above;natmort;fine_woody_litter;2041;0.004595523;0.000184069;0.000758156;0.004165539
south;org;above;natmort;fine_woody_litter;2042;0.004595523;0.000184069;0.000758156;0.004165539
south;org;above;natmort;fine_woody_litter;2043;0.004595523;0.000184069;0.000758156;0.004165539
south;org;above;natmort;fine_woody_litter;2044;0.004595523;0.000184069;0.000758156;0.004165539
south;org;above;natmort;fine_woody_litter;2045;0.004595523;0.000184069;0.000758156;0.004165539
south;org;above;natmort;fine_woody_litter;2046;0.004595523;0.000184069;0.000758156;0.004165539
south;org;above;natmort;fine_woody_litter;2047;0.004595523;0.000184069;0.000758156;0.004165539
south;org;above;natmort;fine_woody_litter;2048;0.004595523;0.000184069;0.000758156;0.004165539
south;org;above;natmort;fine_woody_litter;2049;0.004595523;0.000184069;0.000758156;0.004165539
south;org;above;natmort;fine_woody_litter;2050;0.004595523;0.000184069;0.000758156;0.004165539
south;org;above;natmort;non-woody_litter;2011;0.002409347;0.000823032;0.00041151;0.001384149
south;org;above;natmort;non-woody_litter;2012;0.00240981;0.00082319;0.000411589;0.001384415
south;org;above;natmort;non-woody_litter;2013;0.002411115;0.000823636;0.000411812;0.001385165
south;org;above;natmort;non-woody_litter;2014;0.002411541;0.000823782;0.000411885;0.001385409
south;org;above;natmort;non-woody_litter;2015;0.002412323;0.000824049;0.000412018;0.001385859
south;org;above;natmort;non-woody_litter;2016;0.002413105;0.000824316;0.000412152;0.001386308
south;org;above;natmort;non-woody_litter;2017;0.002413539;0.000824464;0.000412226;0.001386557
south;org;above;natmort;non-woody_litter;2018;0.002413715;0.000824524;0.000412256;0.001386658
south;org;above;natmort;non-woody_litter;2019;0.002414137;0.000824669;0.000412328;0.001386901
south;org;above;natmort;non-woody_litter;2020;0.002414123;0.000824664;0.000412326;0.001386893
south;org;above;natmort;non-woody_litter;2021;0.002414576;0.000824818;0.000412403;0.001387153
south;org;above;natmort;non-woody_litter;2022;0.002414576;0.000824818;0.000412403;0.001387153
south;org;above;natmort;non-woody_litter;2023;0.002414576;0.000824818;0.000412403;0.001387153
south;org;above;natmort;non-woody_litter;2024;0.002414576;0.000824818;0.000412403;0.001387153
south;org;above;natmort;non-woody_litter;2025;0.002414576;0.000824818;0.000412403;0.001387153
south;org;above;natmort;non-woody_litter;2026;0.002414576;0.000824818;0.000412403;0.001387153
south;org;above;natmort;non-woody_litter;2027;0.002414576;0.000824818;0.000412403;0.001387153
south;org;above;natmort;non-woody_litter;2028;0.002414576;0.000824818;0.000412403;0.001387153
south;org;above;natmort;non-woody_litter;2029;0.002414576;0.000824818;0.000412403;0.001387153
south;org;above;natmort;non-woody_litter;2030;0.002414576;0.000824818;0.000412403;0.001387153
south;org;above;natmort;non-woody_litter;2031;0.002414576;0.000824818;0.000412403;0.001387153
south;org;above;natmort;non-woody_litter;2032;0.002414576;0.000824818;0.000412403;0.001387153
south;org;above;natmort;non-woody_litter;2033;0.002414576;0.000824818;0.000412403;0.001387153
south;org;above;natmort;non-woody_litter;2034;0.002414576;0.000824818;0.000412403;0.001387153
south;org;above;natmort;non-woody_litter;2035;0.002414576;0.000824818;0.000412403;0.001387153
south;org;above;natmort;non-woody_litter;2036;0.002414576;0.000824818;0.000412403;0.001387153
south;org;above;natmort;non-woody_litter;2037;0.002414576;0.000824818;0.000412403;0.001387153
south;org;above;natmort;non-woody_litter;2038;0.002414576;0.000824818;0.000412403;0.001387153
south;org;above;natmort;non-woody_litter;2039;0.002414576;0.000824818;0.000412403;0.001387153
south;org;above;natmort;non-woody_litter;2040;0.002414576;0.000824818;0.000412403;0.001387153
south;org;above;natmort;non-woody_litter;2041;0.002414576;0.000824818;0.000412403;0.001387153
south;org;above;natmort;non-woody_litter;2042;0.002414576;0.000824818;0.000412403;0.001387153
south;org;above;natmort;non-woody_litter;2043;0.002414576;0.000824818;0.000412403;0.001387153
south;org;above;natmort;non-woody_litter;2044;0.002414576;0.000824818;0.000412403;0.001387153
south;org;above;natmort;non-woody_litter;2045;0.002414576;0.000824818;0.000412403;0.001387153
south;org;above;natmort;non-woody_litter;2046;0.002414576;0.000824818;0.000412403;0.001387153
south;org;above;natmort;non-woody_litter;2047;0.002414576;0.000824818;0.000412403;0.001387153
south;org;above;natmort;non-woody_litter;2048;0.002414576;0.000824818;0.000412403;0.001387153
south;org;above;natmort;non-woody_litter;2049;0.002414576;0.000824818;0.000412403;0.001387153
south;org;above;natmort;non-woody_litter;2050;0.002414576;0.000824818;0.000412403;0.001387153
south;org;below;natmort;fine_woody_litter;2011;0.01548273;0.000404109;6.59E-05;0.006426524
south;org;below;natmort;fine_woody_litter;2012;0.015485708;0.000404186;6.59E-05;0.00642776
south;org;below;natmort;fine_woody_litter;2013;0.015494094;0.000404405;6.60E-05;0.006431241
south;org;below;natmort;fine_woody_litter;2014;0.015496829;0.000404477;6.60E-05;0.006432376
south;org;below;natmort;fine_woody_litter;2015;0.015501856;0.000404608;6.60E-05;0.006434462
south;org;below;natmort;fine_woody_litter;2016;0.01550688;0.000404739;6.60E-05;0.006436548
south;org;below;natmort;fine_woody_litter;2017;0.015509672;0.000404812;6.60E-05;0.006437707
south;org;below;natmort;fine_woody_litter;2018;0.015510799;0.000404841;6.60E-05;0.006438175
south;org;below;natmort;fine_woody_litter;2019;0.015513516;0.000404912;6.61E-05;0.006439302
south;org;below;natmort;fine_woody_litter;2020;0.015513427;0.00040491;6.61E-05;0.006439265
south;org;below;natmort;fine_woody_litter;2021;0.015516334;0.000404986;6.61E-05;0.006440472
south;org;below;natmort;fine_woody_litter;2022;0.015516334;0.000404986;6.61E-05;0.006440472
south;org;below;natmort;fine_woody_litter;2023;0.015516334;0.000404986;6.61E-05;0.006440472
south;org;below;natmort;fine_woody_litter;2024;0.015516334;0.000404986;6.61E-05;0.006440472
south;org;below;natmort;fine_woody_litter;2025;0.015516334;0.000404986;6.61E-05;0.006440472
south;org;below;natmort;fine_woody_litter;2026;0.015516334;0.000404986;6.61E-05;0.006440472
south;org;below;natmort;fine_woody_litter;2027;0.015516334;0.000404986;6.61E-05;0.006440472
south;org;below;natmort;fine_woody_litter;2028;0.015516334;0.000404986;6.61E-05;0.006440472
south;org;below;natmort;fine_woody_litter;2029;0.015516334;0.000404986;6.61E-05;0.006440472
south;org;below;natmort;fine_woody_litter;2030;0.015516334;0.000404986;6.61E-05;0.006440472
south;org;below;natmort;fine_woody_litter;2031;0.015516334;0.000404986;6.61E-05;0.006440472
south;org;below;natmort;fine_woody_litter;2032;0.015516334;0.000404986;6.61E-05;0.006440472
south;org;below;natmort;fine_woody_litter;2033;0.015516334;0.000404986;6.61E-05;0.006440472
south;org;below;natmort;fine_woody_litter;2034;0.015516334;0.000404986;6.61E-05;0.006440472
south;org;below;natmort;fine_woody_litter;2035;0.015516334;0.000404986;6.61E-05;0.006440472
south;org;below;natmort;fine_woody_litter;2036;0.015516334;0.000404986;6.61E-05;0.006440472
south;org;below;natmort;fine_woody_litter;2037;0.015516334;0.000404986;6.61E-05;0.006440472
south;org;below;natmort;fine_woody_litter;2038;0.015516334;0.000404986;6.61E-05;0.006440472
south;org;below;natmort;fine_woody_litter;2039;0.015516334;0.000404986;6.61E-05;0.006440472
south;org;below;natmort;fine_woody_litter;2040;0.015516334;0.000404986;6.61E-05;0.006440472
south;org;below;natmort;fine_woody_litter;2041;0.015516334;0.000404986;6.61E-05;0.006440472
south;org;below;natmort;fine_woody_litter;2042;0.015516334;0.000404986;6.61E-05;0.006440472
south;org;below;natmort;fine_woody_litter;2043;0.015516334;0.000404986;6.61E-05;0.006440472
south;org;below;natmort;fine_woody_litter;2044;0.015516334;0.000404986;6.61E-05;0.006440472
south;org;below;natmort;fine_woody_litter;2045;0.015516334;0.000404986;6.61E-05;0.006440472
south;org;below;natmort;fine_woody_litter;2046;0.015516334;0.000404986;6.61E-05;0.006440472
south;org;below;natmort;fine_woody_litter;2047;0.015516334;0.000404986;6.61E-05;0.006440472
south;org;below;natmort;fine_woody_litter;2048;0.015516334;0.000404986;6.61E-05;0.006440472
south;org;below;natmort;fine_woody_litter;2049;0.015516334;0.000404986;6.61E-05;0.006440472
south;org;below;natmort;fine_woody_litter;2050;0.015516334;0.000404986;6.61E-05;0.006440472
south;org;below;natmort;non-woody_litter;2011;0.002094739;0.000518798;0.00025936;0.000906963
south;org;below;natmort;non-woody_litter;2012;0.002095142;0.000518898;0.00025941;0.000907137
south;org;below;natmort;non-woody_litter;2013;0.002096277;0.000519179;0.00025955;0.000907628
south;org;below;natmort;non-woody_litter;2014;0.002096647;0.00051927;0.000259596;0.000907789
south;org;below;natmort;non-woody_litter;2015;0.002097327;0.000519439;0.00025968;0.000908083
south;org;below;natmort;non-woody_litter;2016;0.002098007;0.000519607;0.000259764;0.000908377
south;org;below;natmort;non-woody_litter;2017;0.002098384;0.000519701;0.000259811;0.000908541
south;org;below;natmort;non-woody_litter;2018;0.002098537;0.000519738;0.00025983;0.000908607
south;org;below;natmort;non-woody_litter;2019;0.002098904;0.000519829;0.000259875;0.000908766
south;org;below;natmort;non-woody_litter;2020;0.002098892;0.000519826;0.000259874;0.000908761
south;org;below;natmort;non-woody_litter;2021;0.002099286;0.000519924;0.000259923;0.000908931
south;org;below;natmort;non-woody_litter;2022;0.002099286;0.000519924;0.000259923;0.000908931
south;org;below;natmort;non-woody_litter;2023;0.002099286;0.000519924;0.000259923;0.000908931
south;org;below;natmort;non-woody_litter;2024;0.002099286;0.000519924;0.000259923;0.000908931
south;org;below;natmort;non-woody_litter;2025;0.002099286;0.000519924;0.000259923;0.000908931
south;org;below;natmort;non-woody_litter;2026;0.002099286;0.000519924;0.000259923;0.000908931
south;org;below;natmort;non-woody_litter;2027;0.002099286;0.000519924;0.000259923;0.000908931
south;org;below;natmort;non-woody_litter;2028;0.002099286;0.000519924;0.000259923;0.000908931
south;org;below;natmort;non-woody_litter;2029;0.002099286;0.000519924;0.000259923;0.000908931
south;org;below;natmort;non-woody_litter;2030;0.002099286;0.000519924;0.000259923;0.000908931
south;org;below;natmort;non-woody_litter;2031;0.002099286;0.000519924;0.000259923;0.000908931
south;org;below;natmort;non-woody_litter;2032;0.002099286;0.000519924;0.000259923;0.000908931
south;org;below;natmort;non-woody_litter;2033;0.002099286;0.000519924;0.000259923;0.000908931
south;org;below;natmort;non-woody_litter;2034;0.002099286;0.000519924;0.000259923;0.000908931
south;org;below;natmort;non-woody_litter;2035;0.002099286;0.000519924;0.000259923;0.000908931
south;org;below;natmort;non-woody_litter;2036;0.002099286;0.000519924;0.000259923;0.000908931
south;org;below;natmort;non-woody_litter;2037;0.002099286;0.000519924;0.000259923;0.000908931
south;org;below;natmort;non-woody_litter;2038;0.002099286;0.000519924;0.000259923;0.000908931
south;org;below;natmort;non-woody_litter;2039;0.002099286;0.000519924;0.000259923;0.000908931
south;org;below;natmort;non-woody_litter;2040;0.002099286;0.000519924;0.000259923;0.000908931
south;org;below;natmort;non-woody_litter;2041;0.002099286;0.000519924;0.000259923;0.000908931
south;org;below;natmort;non-woody_litter;2042;0.002099286;0.000519924;0.000259923;0.000908931
south;org;below;natmort;non-woody_litter;2043;0.002099286;0.000519924;0.000259923;0.000908931
south;org;below;natmort;non-woody_litter;2044;0.002099286;0.000519924;0.000259923;0.000908931
south;org;below;natmort;non-woody_litter;2045;0.002099286;0.000519924;0.000259923;0.000908931
south;org;below;natmort;non-woody_litter;2046;0.002099286;0.000519924;0.000259923;0.000908931
south;org;below;natmort;non-woody_litter;2047;0.002099286;0.000519924;0.000259923;0.000908931
south;org;below;natmort;non-woody_litter;2048;0.002099286;0.000519924;0.000259923;0.000908931
south;org;below;natmort;non-woody_litter;2049;0.002099286;0.000519924;0.000259923;0.000908931
south;org;below;natmort;non-woody_litter;2050;0.002099286;0.000519924;0.000259923;0.000908931
north;org;above;logging;coarse_woody_litter;2011;0.055046745;0.001366048;0.000185459;0.021720321
north;org;above;logging;coarse_woody_litter;2012;0.055597077;0.001368822;0.000177921;0.021879223
north;org;above;logging;coarse_woody_litter;2013;0.05994565;0.001476697;0.000191888;0.023635169
north;org;above;logging;coarse_woody_litter;2014;0.058261009;0.00143728;0.000188328;0.022979857
north;org;above;logging;coarse_woody_litter;2015;0.056972131;0.001412024;0.000189595;0.022519594
north;org;above;logging;coarse_woody_litter;2016;0.05401328;0.001353934;0.00019347;0.021396458
north;org;above;logging;coarse_woody_litter;2017;0.057785721;0.001444399;0.000203011;0.022895872
north;org;above;logging;coarse_woody_litter;2018;0.067113728;0.001678763;0.00023656;0.026614428
north;org;above;logging;coarse_woody_litter;2019;0.069102733;0.001716617;0.000233006;0.027357879
north;org;above;logging;coarse_woody_litter;2020;0.065729015;0.001630846;0.000219652;0.026029368
north;org;above;logging;coarse_woody_litter;2021;0.070117327;0.001754783;0.000247538;0.027833593
north;org;above;logging;coarse_woody_litter;2022;0.060387077;0.001483376;0.000187291;0.023934907
north;org;above;logging;coarse_woody_litter;2023;0.060387077;0.001483376;0.000187291;0.023934907
north;org;above;logging;coarse_woody_litter;2024;0.060387077;0.001483376;0.000187291;0.023934907
north;org;above;logging;coarse_woody_litter;2025;0.060387077;0.001483376;0.000187291;0.023934907
north;org;above;logging;coarse_woody_litter;2026;0.060387077;0.001483376;0.000187291;0.023934907
north;org;above;logging;coarse_woody_litter;2027;0.060387077;0.001483376;0.000187291;0.023934907
north;org;above;logging;coarse_woody_litter;2028;0.060387077;0.001483376;0.000187291;0.023934907
north;org;above;logging;coarse_woody_litter;2029;0.060387077;0.001483376;0.000187291;0.023934907
north;org;above;logging;coarse_woody_litter;2030;0.060387077;0.001483376;0.000187291;0.023934907
north;org;above;logging;coarse_woody_litter;2031;0.060387077;0.001483376;0.000187291;0.023934907
north;org;above;logging;coarse_woody_litter;2032;0.060387077;0.001483376;0.000187291;0.023934907
north;org;above;logging;coarse_woody_litter;2033;0.060387077;0.001483376;0.000187291;0.023934907
north;org;above;logging;coarse_woody_litter;2034;0.060387077;0.001483376;0.000187291;0.023934907
north;org;above;logging;coarse_woody_litter;2035;0.060387077;0.001483376;0.000187291;0.023934907
north;org;above;logging;coarse_woody_litter;2036;0.060387077;0.001483376;0.000187291;0.023934907
north;org;above;logging;coarse_woody_litter;2037;0.060387077;0.001483376;0.000187291;0.023934907
north;org;above;logging;coarse_woody_litter;2038;0.060387077;0.001483376;0.000187291;0.023934907
north;org;above;logging;coarse_woody_litter;2039;0.060387077;0.001483376;0.000187291;0.023934907
north;org;above;logging;coarse_woody_litter;2040;0.060387077;0.001483376;0.000187291;0.023934907
north;org;above;logging;coarse_woody_litter;2041;0.060387077;0.001483376;0.000187291;0.023934907
north;org;above;logging;coarse_woody_litter;2042;0.060387077;0.001483376;0.000187291;0.023934907
north;org;above;logging;coarse_woody_litter;2043;0.060387077;0.001483376;0.000187291;0.023934907
north;org;above;logging;coarse_woody_litter;2044;0.060387077;0.001483376;0.000187291;0.023934907
north;org;above;logging;coarse_woody_litter;2045;0.060387077;0.001483376;0.000187291;0.023934907
north;org;above;logging;coarse_woody_litter;2046;0.060387077;0.001483376;0.000187291;0.023934907
north;org;above;logging;coarse_woody_litter;2047;0.060387077;0.001483376;0.000187291;0.023934907
north;org;above;logging;coarse_woody_litter;2048;0.060387077;0.001483376;0.000187291;0.023934907
north;org;above;logging;coarse_woody_litter;2049;0.060387077;0.001483376;0.000187291;0.023934907
north;org;above;logging;coarse_woody_litter;2050;0.060387077;0.001483376;0.000187291;0.023934907
north;org;above;logging;fine_woody_litter;2011;0.033553464;0.001343948;0.005535551;0.030414003
north;org;above;logging;fine_woody_litter;2012;0.032868623;0.001316518;0.005422568;0.02979324
north;org;above;logging;fine_woody_litter;2013;0.035461672;0.001420379;0.005850362;0.032143668
north;org;above;logging;fine_woody_litter;2014;0.03528815;0.001413429;0.005821734;0.031986382
north;org;above;logging;fine_woody_litter;2015;0.035202488;0.001409998;0.005807602;0.031908735
north;org;above;logging;fine_woody_litter;2016;0.034633243;0.001387198;0.00571369;0.031392752
north;org;above;logging;fine_woody_litter;2017;0.035867509;0.001436635;0.005917315;0.032511533
north;org;above;logging;fine_woody_litter;2018;0.040207045;0.00161045;0.006633239;0.036445036
north;org;above;logging;fine_woody_litter;2019;0.039908614;0.001598497;0.006584005;0.036174528
north;org;above;logging;fine_woody_litter;2020;0.03780752;0.00151434;0.006237373;0.034270025
north;org;above;logging;fine_woody_litter;2021;0.040913587;0.00163875;0.006749802;0.037085469
north;org;above;logging;fine_woody_litter;2022;0.040913587;0.00163875;0.006749802;0.037085469
north;org;above;logging;fine_woody_litter;2023;0.040913587;0.00163875;0.006749802;0.037085469
north;org;above;logging;fine_woody_litter;2024;0.040913587;0.00163875;0.006749802;0.037085469
north;org;above;logging;fine_woody_litter;2025;0.040913587;0.00163875;0.006749802;0.037085469
north;org;above;logging;fine_woody_litter;2026;0.040913587;0.00163875;0.006749802;0.037085469
north;org;above;logging;fine_woody_litter;2027;0.040913587;0.00163875;0.006749802;0.037085469
north;org;above;logging;fine_woody_litter;2028;0.040913587;0.00163875;0.006749802;0.037085469
north;org;above;logging;fine_woody_litter;2029;0.040913587;0.00163875;0.006749802;0.037085469
north;org;above;logging;fine_woody_litter;2030;0.040913587;0.00163875;0.006749802;0.037085469
north;org;above;logging;fine_woody_litter;2031;0.040913587;0.00163875;0.006749802;0.037085469
north;org;above;logging;fine_woody_litter;2032;0.040913587;0.00163875;0.006749802;0.037085469
north;org;above;logging;fine_woody_litter;2033;0.040913587;0.00163875;0.006749802;0.037085469
north;org;above;logging;fine_woody_litter;2034;0.040913587;0.00163875;0.006749802;0.037085469
north;org;above;logging;fine_woody_litter;2035;0.040913587;0.00163875;0.006749802;0.037085469
north;org;above;logging;fine_woody_litter;2036;0.040913587;0.00163875;0.006749802;0.037085469
north;org;above;logging;fine_woody_litter;2037;0.040913587;0.00163875;0.006749802;0.037085469
north;org;above;logging;fine_woody_litter;2038;0.040913587;0.00163875;0.006749802;0.037085469
north;org;above;logging;fine_woody_litter;2039;0.040913587;0.00163875;0.006749802;0.037085469
north;org;above;logging;fine_woody_litter;2040;0.040913587;0.00163875;0.006749802;0.037085469
north;org;above;logging;fine_woody_litter;2041;0.040913587;0.00163875;0.006749802;0.037085469
north;org;above;logging;fine_woody_litter;2042;0.040913587;0.00163875;0.006749802;0.037085469
north;org;above;logging;fine_woody_litter;2043;0.040913587;0.00163875;0.006749802;0.037085469
north;org;above;logging;fine_woody_litter;2044;0.040913587;0.00163875;0.006749802;0.037085469
north;org;above;logging;fine_woody_litter;2045;0.040913587;0.00163875;0.006749802;0.037085469
north;org;above;logging;fine_woody_litter;2046;0.040913587;0.00163875;0.006749802;0.037085469
north;org;above;logging;fine_woody_litter;2047;0.040913587;0.00163875;0.006749802;0.037085469
north;org;above;logging;fine_woody_litter;2048;0.040913587;0.00163875;0.006749802;0.037085469
north;org;above;logging;fine_woody_litter;2049;0.040913587;0.00163875;0.006749802;0.037085469
north;org;above;logging;fine_woody_litter;2050;0.040913587;0.00163875;0.006749802;0.037085469
north;org;above;logging;non-woody_litter;2011;0.015880574;0.005648188;0.002824295;0.00897529
north;org;above;logging;non-woody_litter;2012;0.015388861;0.00551225;0.002756337;0.008711753
north;org;above;logging;non-woody_litter;2013;0.016310663;0.005869859;0.002935191;0.00920473
north;org;above;logging;non-woody_litter;2014;0.016364302;0.005869883;0.002935187;0.009240938
north;org;above;logging;non-woody_litter;2015;0.016330583;0.005831251;0.002915873;0.009189575
north;org;above;logging;non-woody_litter;2016;0.015883797;0.005669564;0.002835073;0.008855296
north;org;above;logging;non-woody_litter;2017;0.016491423;0.005881988;0.002941266;0.009237116
north;org;above;logging;non-woody_litter;2018;0.01858114;0.00661276;0.003306675;0.010411577
north;org;above;logging;non-woody_litter;2019;0.018315602;0.006538236;0.003269391;0.010312224
north;org;above;logging;non-woody_litter;2020;0.017854529;0.006351051;0.003175755;0.010086692
north;org;above;logging;non-woody_litter;2021;0.019395911;0.006865958;0.003433249;0.010888416
north;org;above;logging;non-woody_litter;2022;0.019395911;0.006865958;0.003433249;0.010888416
north;org;above;logging;non-woody_litter;2023;0.019395911;0.006865958;0.003433249;0.010888416
north;org;above;logging;non-woody_litter;2024;0.019395911;0.006865958;0.003433249;0.010888416
north;org;above;logging;non-woody_litter;2025;0.019395911;0.006865958;0.003433249;0.010888416
north;org;above;logging;non-woody_litter;2026;0.019395911;0.006865958;0.003433249;0.010888416
north;org;above;logging;non-woody_litter;2027;0.019395911;0.006865958;0.003433249;0.010888416
north;org;above;logging;non-woody_litter;2028;0.019395911;0.006865958;0.003433249;0.010888416
north;org;above;logging;non-woody_litter;2029;0.019395911;0.006865958;0.003433249;0.010888416
north;org;above;logging;non-woody_litter;2030;0.019395911;0.006865958;0.003433249;0.010888416
north;org;above;logging;non-woody_litter;2031;0.019395911;0.006865958;0.003433249;0.010888416
north;org;above;logging;non-woody_litter;2032;0.019395911;0.006865958;0.003433249;0.010888416
north;org;above;logging;non-woody_litter;2033;0.019395911;0.006865958;0.003433249;0.010888416
north;org;above;logging;non-woody_litter;2034;0.019395911;0.006865958;0.003433249;0.010888416
north;org;above;logging;non-woody_litter;2035;0.019395911;0.006865958;0.003433249;0.010888416
north;org;above;logging;non-woody_litter;2036;0.019395911;0.006865958;0.003433249;0.010888416
north;org;above;logging;non-woody_litter;2037;0.019395911;0.006865958;0.003433249;0.010888416
north;org;above;logging;non-woody_litter;2038;0.019395911;0.006865958;0.003433249;0.010888416
north;org;above;logging;non-woody_litter;2039;0.019395911;0.006865958;0.003433249;0.010888416
north;org;above;logging;non-woody_litter;2040;0.019395911;0.006865958;0.003433249;0.010888416
north;org;above;logging;non-woody_litter;2041;0.019395911;0.006865958;0.003433249;0.010888416
north;org;above;logging;non-woody_litter;2042;0.019395911;0.006865958;0.003433249;0.010888416
north;org;above;logging;non-woody_litter;2043;0.019395911;0.006865958;0.003433249;0.010888416
north;org;above;logging;non-woody_litter;2044;0.019395911;0.006865958;0.003433249;0.010888416
north;org;above;logging;non-woody_litter;2045;0.019395911;0.006865958;0.003433249;0.010888416
north;org;above;logging;non-woody_litter;2046;0.019395911;0.006865958;0.003433249;0.010888416
north;org;above;logging;non-woody_litter;2047;0.019395911;0.006865958;0.003433249;0.010888416
north;org;above;logging;non-woody_litter;2048;0.019395911;0.006865958;0.003433249;0.010888416
north;org;above;logging;non-woody_litter;2049;0.019395911;0.006865958;0.003433249;0.010888416
north;org;above;logging;non-woody_litter;2050;0.019395911;0.006865958;0.003433249;0.010888416
north;org;below;logging;fine_woody_litter;2011;0.074601184;0.002005366;0.000378649;0.030610042
north;org;below;logging;fine_woody_litter;2012;0.073367415;0.001962759;0.000364631;0.030028884
north;org;below;logging;fine_woody_litter;2013;0.078451931;0.002098775;0.000390577;0.032067602
north;org;below;logging;fine_woody_litter;2014;0.078199962;0.002094449;0.000391082;0.031997653
north;org;below;logging;fine_woody_litter;2015;0.077266371;0.00207959;0.000395145;0.031671425
north;org;below;logging;fine_woody_litter;2016;0.074950024;0.002031572;0.000396504;0.030746436
north;org;below;logging;fine_woody_litter;2017;0.077771805;0.002101634;0.000405374;0.031901455
north;org;below;logging;fine_woody_litter;2018;0.087240535;0.002359523;0.000456227;0.035811108
north;org;below;logging;fine_woody_litter;2019;0.086619048;0.002330695;0.000442358;0.03550699
north;org;below;logging;fine_woody_litter;2020;0.083888165;0.002255578;0.000426331;0.034420234
north;org;below;logging;fine_woody_litter;2021;0.09010908;0.002440485;0.000473429;0.037051075
north;org;below;logging;fine_woody_litter;2022;0.09010908;0.002440485;0.000473429;0.037051075
north;org;below;logging;fine_woody_litter;2023;0.09010908;0.002440485;0.000473429;0.037051075
north;org;below;logging;fine_woody_litter;2024;0.09010908;0.002440485;0.000473429;0.037051075
north;org;below;logging;fine_woody_litter;2025;0.09010908;0.002440485;0.000473429;0.037051075
north;org;below;logging;fine_woody_litter;2026;0.09010908;0.002440485;0.000473429;0.037051075
north;org;below;logging;fine_woody_litter;2027;0.09010908;0.002440485;0.000473429;0.037051075
north;org;below;logging;fine_woody_litter;2028;0.09010908;0.002440485;0.000473429;0.037051075
north;org;below;logging;fine_woody_litter;2029;0.09010908;0.002440485;0.000473429;0.037051075
north;org;below;logging;fine_woody_litter;2030;0.09010908;0.002440485;0.000473429;0.037051075
north;org;below;logging;fine_woody_litter;2031;0.09010908;0.002440485;0.000473429;0.037051075
north;org;below;logging;fine_woody_litter;2032;0.09010908;0.002440485;0.000473429;0.037051075
north;org;below;logging;fine_woody_litter;2033;0.09010908;0.002440485;0.000473429;0.037051075
north;org;below;logging;fine_woody_litter;2034;0.09010908;0.002440485;0.000473429;0.037051075
north;org;below;logging;fine_woody_litter;2035;0.09010908;0.002440485;0.000473429;0.037051075
north;org;below;logging;fine_woody_litter;2036;0.09010908;0.002440485;0.000473429;0.037051075
north;org;below;logging;fine_woody_litter;2037;0.09010908;0.002440485;0.000473429;0.037051075
north;org;below;logging;fine_woody_litter;2038;0.09010908;0.002440485;0.000473429;0.037051075
north;org;below;logging;fine_woody_litter;2039;0.09010908;0.002440485;0.000473429;0.037051075
north;org;below;logging;fine_woody_litter;2040;0.09010908;0.002440485;0.000473429;0.037051075
north;org;below;logging;fine_woody_litter;2041;0.09010908;0.002440485;0.000473429;0.037051075
north;org;below;logging;fine_woody_litter;2042;0.09010908;0.002440485;0.000473429;0.037051075
north;org;below;logging;fine_woody_litter;2043;0.09010908;0.002440485;0.000473429;0.037051075
north;org;below;logging;fine_woody_litter;2044;0.09010908;0.002440485;0.000473429;0.037051075
north;org;below;logging;fine_woody_litter;2045;0.09010908;0.002440485;0.000473429;0.037051075
north;org;below;logging;fine_woody_litter;2046;0.09010908;0.002440485;0.000473429;0.037051075
north;org;below;logging;fine_woody_litter;2047;0.09010908;0.002440485;0.000473429;0.037051075
north;org;below;logging;fine_woody_litter;2048;0.09010908;0.002440485;0.000473429;0.037051075
north;org;below;logging;fine_woody_litter;2049;0.09010908;0.002440485;0.000473429;0.037051075
north;org;below;logging;fine_woody_litter;2050;0.09010908;0.002440485;0.000473429;0.037051075
north;org;below;logging;non-woody_litter;2011;0.015973855;0.003920387;0.001960022;0.006822291
north;org;below;logging;non-woody_litter;2012;0.015451468;0.00380797;0.001903825;0.006616671
north;org;below;logging;non-woody_litter;2013;0.016561827;0.004082795;0.002041236;0.007089848
north;org;below;logging;non-woody_litter;2014;0.016561625;0.004078252;0.00203896;0.007085983
north;org;below;logging;non-woody_litter;2015;0.016664582;0.004087097;0.00204338;0.007109685
north;org;below;logging;non-woody_litter;2016;0.016640519;0.004059867;0.002029777;0.007068314
north;org;below;logging;non-woody_litter;2017;0.017045832;0.004167793;0.002083729;0.007254463
north;org;below;logging;non-woody_litter;2018;0.019167175;0.00468287;0.002341243;0.008154134
north;org;below;logging;non-woody_litter;2019;0.018658435;0.004576938;0.002288279;0.007961832
north;org;below;logging;non-woody_litter;2020;0.017982535;0.004412559;0.002206087;0.007678866
north;org;below;logging;non-woody_litter;2021;0.019856334;0.004844639;0.00242211;0.008443072
north;org;below;logging;non-woody_litter;2022;0.019856334;0.004844639;0.00242211;0.008443072
north;org;below;logging;non-woody_litter;2023;0.019856334;0.004844639;0.00242211;0.008443072
north;org;below;logging;non-woody_litter;2024;0.019856334;0.004844639;0.00242211;0.008443072
north;org;below;logging;non-woody_litter;2025;0.019856334;0.004844639;0.00242211;0.008443072
north;org;below;logging;non-woody_litter;2026;0.019856334;0.004844639;0.00242211;0.008443072
north;org;below;logging;non-woody_litter;2027;0.019856334;0.004844639;0.00242211;0.008443072
north;org;below;logging;non-woody_litter;2028;0.019856334;0.004844639;0.00242211;0.008443072
north;org;below;logging;non-woody_litter;2029;0.019856334;0.004844639;0.00242211;0.008443072
north;org;below;logging;non-woody_litter;2030;0.019856334;0.004844639;0.00242211;0.008443072
north;org;below;logging;non-woody_litter;2031;0.019856334;0.004844639;0.00242211;0.008443072
north;org;below;logging;non-woody_litter;2032;0.019856334;0.004844639;0.00242211;0.008443072
north;org;below;logging;non-woody_litter;2033;0.019856334;0.004844639;0.00242211;0.008443072
north;org;below;logging;non-woody_litter;2034;0.019856334;0.004844639;0.00242211;0.008443072
north;org;below;logging;non-woody_litter;2035;0.019856334;0.004844639;0.00242211;0.008443072
north;org;below;logging;non-woody_litter;2036;0.019856334;0.004844639;0.00242211;0.008443072
north;org;below;logging;non-woody_litter;2037;0.019856334;0.004844639;0.00242211;0.008443072
north;org;below;logging;non-woody_litter;2038;0.019856334;0.004844639;0.00242211;0.008443072
north;org;below;logging;non-woody_litter;2039;0.019856334;0.004844639;0.00242211;0.008443072
north;org;below;logging;non-woody_litter;2040;0.019856334;0.004844639;0.00242211;0.008443072
north;org;below;logging;non-woody_litter;2041;0.019856334;0.004844639;0.00242211;0.008443072
north;org;below;logging;non-woody_litter;2042;0.019856334;0.004844639;0.00242211;0.008443072
north;org;below;logging;non-woody_litter;2043;0.019856334;0.004844639;0.00242211;0.008443072
north;org;below;logging;non-woody_litter;2044;0.019856334;0.004844639;0.00242211;0.008443072
north;org;below;logging;non-woody_litter;2045;0.019856334;0.004844639;0.00242211;0.008443072
north;org;below;logging;non-woody_litter;2046;0.019856334;0.004844639;0.00242211;0.008443072
north;org;below;logging;non-woody_litter;2047;0.019856334;0.004844639;0.00242211;0.008443072
north;org;below;logging;non-woody_litter;2048;0.019856334;0.004844639;0.00242211;0.008443072
north;org;below;logging;non-woody_litter;2049;0.019856334;0.004844639;0.00242211;0.008443072
north;org;below;logging;non-woody_litter;2050;0.019856334;0.004844639;0.00242211;0.008443072
north;org;above;natmort;coarse_woody_litter;2011;0.035064715;0.000916026;0.00015723;0.014110942
north;org;above;natmort;coarse_woody_litter;2012;0.035054272;0.000915754;0.000157184;0.014106739
north;org;above;natmort;coarse_woody_litter;2013;0.035048777;0.00091561;0.000157159;0.014104528
north;org;above;natmort;coarse_woody_litter;2014;0.035047852;0.000915586;0.000157155;0.014104156
north;org;above;natmort;coarse_woody_litter;2015;0.035045259;0.000915518;0.000157143;0.014103112
north;org;above;natmort;coarse_woody_litter;2016;0.035044855;0.000915508;0.000157141;0.01410295
north;org;above;natmort;coarse_woody_litter;2017;0.035048235;0.000915596;0.000157157;0.01410431
north;org;above;natmort;coarse_woody_litter;2018;0.03504578;0.000915532;0.000157146;0.014103322
north;org;above;natmort;coarse_woody_litter;2019;0.035039225;0.000915361;0.000157116;0.014100684
north;org;above;natmort;coarse_woody_litter;2020;0.035035922;0.000915274;0.000157101;0.014099355
north;org;above;natmort;coarse_woody_litter;2021;0.035030421;0.000915131;0.000157077;0.014097141
north;org;above;natmort;coarse_woody_litter;2022;0.035030421;0.000915131;0.000157077;0.014097141
north;org;above;natmort;coarse_woody_litter;2023;0.035030421;0.000915131;0.000157077;0.014097141
north;org;above;natmort;coarse_woody_litter;2024;0.035030421;0.000915131;0.000157077;0.014097141
north;org;above;natmort;coarse_woody_litter;2025;0.035030421;0.000915131;0.000157077;0.014097141
north;org;above;natmort;coarse_woody_litter;2026;0.035030421;0.000915131;0.000157077;0.014097141
north;org;above;natmort;coarse_woody_litter;2027;0.035030421;0.000915131;0.000157077;0.014097141
north;org;above;natmort;coarse_woody_litter;2028;0.035030421;0.000915131;0.000157077;0.014097141
north;org;above;natmort;coarse_woody_litter;2029;0.035030421;0.000915131;0.000157077;0.014097141
north;org;above;natmort;coarse_woody_litter;2030;0.035030421;0.000915131;0.000157077;0.014097141
north;org;above;natmort;coarse_woody_litter;2031;0.035030421;0.000915131;0.000157077;0.014097141
north;org;above;natmort;coarse_woody_litter;2032;0.035030421;0.000915131;0.000157077;0.014097141
north;org;above;natmort;coarse_woody_litter;2033;0.035030421;0.000915131;0.000157077;0.014097141
north;org;above;natmort;coarse_woody_litter;2034;0.035030421;0.000915131;0.000157077;0.014097141
north;org;above;natmort;coarse_woody_litter;2035;0.035030421;0.000915131;0.000157077;0.014097141
north;org;above;natmort;coarse_woody_litter;2036;0.035030421;0.000915131;0.000157077;0.014097141
north;org;above;natmort;coarse_woody_litter;2037;0.035030421;0.000915131;0.000157077;0.014097141
north;org;above;natmort;coarse_woody_litter;2038;0.035030421;0.000915131;0.000157077;0.014097141
north;org;above;natmort;coarse_woody_litter;2039;0.035030421;0.000915131;0.000157077;0.014097141
north;org;above;natmort;coarse_woody_litter;2040;0.035030421;0.000915131;0.000157077;0.014097141
north;org;above;natmort;coarse_woody_litter;2041;0.035030421;0.000915131;0.000157077;0.014097141
north;org;above;natmort;coarse_woody_litter;2042;0.035030421;0.000915131;0.000157077;0.014097141
north;org;above;natmort;coarse_woody_litter;2043;0.035030421;0.000915131;0.000157077;0.014097141
north;org;above;natmort;coarse_woody_litter;2044;0.035030421;0.000915131;0.000157077;0.014097141
north;org;above;natmort;coarse_woody_litter;2045;0.035030421;0.000915131;0.000157077;0.014097141
north;org;above;natmort;coarse_woody_litter;2046;0.035030421;0.000915131;0.000157077;0.014097141
north;org;above;natmort;coarse_woody_litter;2047;0.035030421;0.000915131;0.000157077;0.014097141
north;org;above;natmort;coarse_woody_litter;2048;0.035030421;0.000915131;0.000157077;0.014097141
north;org;above;natmort;coarse_woody_litter;2049;0.035030421;0.000915131;0.000157077;0.014097141
north;org;above;natmort;coarse_woody_litter;2050;0.035030421;0.000915131;0.000157077;0.014097141
north;org;above;natmort;fine_woody_litter;2011;0.00408586;0.000163655;0.000674073;0.003703562
north;org;above;natmort;fine_woody_litter;2012;0.004084643;0.000163606;0.000673872;0.003702459
north;org;above;natmort;fine_woody_litter;2013;0.004084002;0.00016358;0.000673767;0.003701879
north;org;above;natmort;fine_woody_litter;2014;0.004083895;0.000163576;0.000673749;0.003701781
north;org;above;natmort;fine_woody_litter;2015;0.004083593;0.000163564;0.000673699;0.003701508
north;org;above;natmort;fine_woody_litter;2016;0.004083546;0.000163562;0.000673691;0.003701465
north;org;above;natmort;fine_woody_litter;2017;0.004083939;0.000163578;0.000673756;0.003701822
north;org;above;natmort;fine_woody_litter;2018;0.004083653;0.000163566;0.000673709;0.003701562
north;org;above;natmort;fine_woody_litter;2019;0.004082889;0.000163536;0.000673583;0.00370087
north;org;above;natmort;fine_woody_litter;2020;0.004082505;0.00016352;0.00067352;0.003700521
north;org;above;natmort;fine_woody_litter;2021;0.004081864;0.000163495;0.000673414;0.00369994
north;org;above;natmort;fine_woody_litter;2022;0.004081864;0.000163495;0.000673414;0.00369994
north;org;above;natmort;fine_woody_litter;2023;0.004081864;0.000163495;0.000673414;0.00369994
north;org;above;natmort;fine_woody_litter;2024;0.004081864;0.000163495;0.000673414;0.00369994
north;org;above;natmort;fine_woody_litter;2025;0.004081864;0.000163495;0.000673414;0.00369994
north;org;above;natmort;fine_woody_litter;2026;0.004081864;0.000163495;0.000673414;0.00369994
north;org;above;natmort;fine_woody_litter;2027;0.004081864;0.000163495;0.000673414;0.00369994
north;org;above;natmort;fine_woody_litter;2028;0.004081864;0.000163495;0.000673414;0.00369994
north;org;above;natmort;fine_woody_litter;2029;0.004081864;0.000163495;0.000673414;0.00369994
north;org;above;natmort;fine_woody_litter;2030;0.004081864;0.000163495;0.000673414;0.00369994
north;org;above;natmort;fine_woody_litter;2031;0.004081864;0.000163495;0.000673414;0.00369994
north;org;above;natmort;fine_woody_litter;2032;0.004081864;0.000163495;0.000673414;0.00369994
north;org;above;natmort;fine_woody_litter;2033;0.004081864;0.000163495;0.000673414;0.00369994
north;org;above;natmort;fine_woody_litter;2034;0.004081864;0.000163495;0.000673414;0.00369994
north;org;above;natmort;fine_woody_litter;2035;0.004081864;0.000163495;0.000673414;0.00369994
north;org;above;natmort;fine_woody_litter;2036;0.004081864;0.000163495;0.000673414;0.00369994
north;org;above;natmort;fine_woody_litter;2037;0.004081864;0.000163495;0.000673414;0.00369994
north;org;above;natmort;fine_woody_litter;2038;0.004081864;0.000163495;0.000673414;0.00369994
north;org;above;natmort;fine_woody_litter;2039;0.004081864;0.000163495;0.000673414;0.00369994
north;org;above;natmort;fine_woody_litter;2040;0.004081864;0.000163495;0.000673414;0.00369994
north;org;above;natmort;fine_woody_litter;2041;0.004081864;0.000163495;0.000673414;0.00369994
north;org;above;natmort;fine_woody_litter;2042;0.004081864;0.000163495;0.000673414;0.00369994
north;org;above;natmort;fine_woody_litter;2043;0.004081864;0.000163495;0.000673414;0.00369994
north;org;above;natmort;fine_woody_litter;2044;0.004081864;0.000163495;0.000673414;0.00369994
north;org;above;natmort;fine_woody_litter;2045;0.004081864;0.000163495;0.000673414;0.00369994
north;org;above;natmort;fine_woody_litter;2046;0.004081864;0.000163495;0.000673414;0.00369994
north;org;above;natmort;fine_woody_litter;2047;0.004081864;0.000163495;0.000673414;0.00369994
north;org;above;natmort;fine_woody_litter;2048;0.004081864;0.000163495;0.000673414;0.00369994
north;org;above;natmort;fine_woody_litter;2049;0.004081864;0.000163495;0.000673414;0.00369994
north;org;above;natmort;fine_woody_litter;2050;0.004081864;0.000163495;0.000673414;0.00369994
north;org;above;natmort;non-woody_litter;2011;0.001683807;0.000644146;0.000322133;0.00093807
north;org;above;natmort;non-woody_litter;2012;0.001683305;0.000643955;0.000322037;0.000937791
north;org;above;natmort;non-woody_litter;2013;0.001683041;0.000643854;0.000321987;0.000937644
north;org;above;natmort;non-woody_litter;2014;0.001682997;0.000643837;0.000321978;0.000937619
north;org;above;natmort;non-woody_litter;2015;0.001682872;0.000643789;0.000321954;0.00093755
north;org;above;natmort;non-woody_litter;2016;0.001682853;0.000643782;0.000321951;0.000937539
north;org;above;natmort;non-woody_litter;2017;0.001683015;0.000643844;0.000321982;0.000937629
north;org;above;natmort;non-woody_litter;2018;0.001682897;0.000643799;0.000321959;0.000937564
north;org;above;natmort;non-woody_litter;2019;0.001682583;0.000643678;0.000321899;0.000937388
north;org;above;natmort;non-woody_litter;2020;0.001682424;0.000643617;0.000321869;0.0009373
north;org;above;natmort;non-woody_litter;2021;0.00168216;0.000643516;0.000321818;0.000937153
north;org;above;natmort;non-woody_litter;2022;0.00168216;0.000643516;0.000321818;0.000937153
north;org;above;natmort;non-woody_litter;2023;0.00168216;0.000643516;0.000321818;0.000937153
north;org;above;natmort;non-woody_litter;2024;0.00168216;0.000643516;0.000321818;0.000937153
north;org;above;natmort;non-woody_litter;2025;0.00168216;0.000643516;0.000321818;0.000937153
north;org;above;natmort;non-woody_litter;2026;0.00168216;0.000643516;0.000321818;0.000937153
north;org;above;natmort;non-woody_litter;2027;0.00168216;0.000643516;0.000321818;0.000937153
north;org;above;natmort;non-woody_litter;2028;0.00168216;0.000643516;0.000321818;0.000937153
north;org;above;natmort;non-woody_litter;2029;0.00168216;0.000643516;0.000321818;0.000937153
north;org;above;natmort;non-woody_litter;2030;0.00168216;0.000643516;0.000321818;0.000937153
north;org;above;natmort;non-woody_litter;2031;0.00168216;0.000643516;0.000321818;0.000937153
north;org;above;natmort;non-woody_litter;2032;0.00168216;0.000643516;0.000321818;0.000937153
north;org;above;natmort;non-woody_litter;2033;0.00168216;0.000643516;0.000321818;0.000937153
north;org;above;natmort;non-woody_litter;2034;0.00168216;0.000643516;0.000321818;0.000937153
north;org;above;natmort;non-woody_litter;2035;0.00168216;0.000643516;0.000321818;0.000937153
north;org;above;natmort;non-woody_litter;2036;0.00168216;0.000643516;0.000321818;0.000937153
north;org;above;natmort;non-woody_litter;2037;0.00168216;0.000643516;0.000321818;0.000937153
north;org;above;natmort;non-woody_litter;2038;0.00168216;0.000643516;0.000321818;0.000937153
north;org;above;natmort;non-woody_litter;2039;0.00168216;0.000643516;0.000321818;0.000937153
north;org;above;natmort;non-woody_litter;2040;0.00168216;0.000643516;0.000321818;0.000937153
north;org;above;natmort;non-woody_litter;2041;0.00168216;0.000643516;0.000321818;0.000937153
north;org;above;natmort;non-woody_litter;2042;0.00168216;0.000643516;0.000321818;0.000937153
north;org;above;natmort;non-woody_litter;2043;0.00168216;0.000643516;0.000321818;0.000937153
north;org;above;natmort;non-woody_litter;2044;0.00168216;0.000643516;0.000321818;0.000937153
north;org;above;natmort;non-woody_litter;2045;0.00168216;0.000643516;0.000321818;0.000937153
north;org;above;natmort;non-woody_litter;2046;0.00168216;0.000643516;0.000321818;0.000937153
north;org;above;natmort;non-woody_litter;2047;0.00168216;0.000643516;0.000321818;0.000937153
north;org;above;natmort;non-woody_litter;2048;0.00168216;0.000643516;0.000321818;0.000937153
north;org;above;natmort;non-woody_litter;2049;0.00168216;0.000643516;0.000321818;0.000937153
north;org;above;natmort;non-woody_litter;2050;0.00168216;0.000643516;0.000321818;0.000937153
north;org;below;natmort;fine_woody_litter;2011;0.011897367;0.000290607;3.51E-05;0.004731533
north;org;below;natmort;fine_woody_litter;2012;0.011893824;0.000290521;3.51E-05;0.004730124
north;org;below;natmort;fine_woody_litter;2013;0.011891959;0.000290475;3.51E-05;0.004729382
north;org;below;natmort;fine_woody_litter;2014;0.011891646;0.000290468;3.51E-05;0.004729257
north;org;below;natmort;fine_woody_litter;2015;0.011890766;0.000290446;3.51E-05;0.004728907
north;org;below;natmort;fine_woody_litter;2016;0.011890629;0.000290443;3.51E-05;0.004728853
north;org;below;natmort;fine_woody_litter;2017;0.011891776;0.000290471;3.51E-05;0.004729309
north;org;below;natmort;fine_woody_litter;2018;0.011890943;0.000290451;3.51E-05;0.004728978
north;org;below;natmort;fine_woody_litter;2019;0.011888719;0.000290396;3.51E-05;0.004728093
north;org;below;natmort;fine_woody_litter;2020;0.011887598;0.000290369;3.51E-05;0.004727647
north;org;below;natmort;fine_woody_litter;2021;0.011885732;0.000290323;3.50E-05;0.004726905
north;org;below;natmort;fine_woody_litter;2022;0.011885732;0.000290323;3.50E-05;0.004726905
north;org;below;natmort;fine_woody_litter;2023;0.011885732;0.000290323;3.50E-05;0.004726905
north;org;below;natmort;fine_woody_litter;2024;0.011885732;0.000290323;3.50E-05;0.004726905
north;org;below;natmort;fine_woody_litter;2025;0.011885732;0.000290323;3.50E-05;0.004726905
north;org;below;natmort;fine_woody_litter;2026;0.011885732;0.000290323;3.50E-05;0.004726905
north;org;below;natmort;fine_woody_litter;2027;0.011885732;0.000290323;3.50E-05;0.004726905
north;org;below;natmort;fine_woody_litter;2028;0.011885732;0.000290323;3.50E-05;0.004726905
north;org;below;natmort;fine_woody_litter;2029;0.011885732;0.000290323;3.50E-05;0.004726905
north;org;below;natmort;fine_woody_litter;2030;0.011885732;0.000290323;3.50E-05;0.004726905
north;org;below;natmort;fine_woody_litter;2031;0.011885732;0.000290323;3.50E-05;0.004726905
north;org;below;natmort;fine_woody_litter;2032;0.011885732;0.000290323;3.50E-05;0.004726905
north;org;below;natmort;fine_woody_litter;2033;0.011885732;0.000290323;3.50E-05;0.004726905
north;org;below;natmort;fine_woody_litter;2034;0.011885732;0.000290323;3.50E-05;0.004726905
north;org;below;natmort;fine_woody_litter;2035;0.011885732;0.000290323;3.50E-05;0.004726905
north;org;below;natmort;fine_woody_litter;2036;0.011885732;0.000290323;3.50E-05;0.004726905
north;org;below;natmort;fine_woody_litter;2037;0.011885732;0.000290323;3.50E-05;0.004726905
north;org;below;natmort;fine_woody_litter;2038;0.011885732;0.000290323;3.50E-05;0.004726905
north;org;below;natmort;fine_woody_litter;2039;0.011885732;0.000290323;3.50E-05;0.004726905
north;org;below;natmort;fine_woody_litter;2040;0.011885732;0.000290323;3.50E-05;0.004726905
north;org;below;natmort;fine_woody_litter;2041;0.011885732;0.000290323;3.50E-05;0.004726905
north;org;below;natmort;fine_woody_litter;2042;0.011885732;0.000290323;3.50E-05;0.004726905
north;org;below;natmort;fine_woody_litter;2043;0.011885732;0.000290323;3.50E-05;0.004726905
north;org;below;natmort;fine_woody_litter;2044;0.011885732;0.000290323;3.50E-05;0.004726905
north;org;below;natmort;fine_woody_litter;2045;0.011885732;0.000290323;3.50E-05;0.004726905
north;org;below;natmort;fine_woody_litter;2046;0.011885732;0.000290323;3.50E-05;0.004726905
north;org;below;natmort;fine_woody_litter;2047;0.011885732;0.000290323;3.50E-05;0.004726905
north;org;below;natmort;fine_woody_litter;2048;0.011885732;0.000290323;3.50E-05;0.004726905
north;org;below;natmort;fine_woody_litter;2049;0.011885732;0.000290323;3.50E-05;0.004726905
north;org;below;natmort;fine_woody_litter;2050;0.011885732;0.000290323;3.50E-05;0.004726905
north;org;below;natmort;non-woody_litter;2011;0.001614242;0.000413463;0.000206713;0.000711523
north;org;below;natmort;non-woody_litter;2012;0.001613761;0.00041334;0.000206652;0.000711311
north;org;below;natmort;non-woody_litter;2013;0.001613508;0.000413275;0.000206619;0.0007112
north;org;below;natmort;non-woody_litter;2014;0.001613465;0.000413265;0.000206614;0.000711181
north;org;below;natmort;non-woody_litter;2015;0.001613346;0.000413234;0.000206599;0.000711128
north;org;below;natmort;non-woody_litter;2016;0.001613327;0.000413229;0.000206596;0.00071112
north;org;below;natmort;non-woody_litter;2017;0.001613483;0.000413269;0.000206616;0.000711189
north;org;below;natmort;non-woody_litter;2018;0.00161337;0.00041324;0.000206602;0.000711139
north;org;below;natmort;non-woody_litter;2019;0.001613068;0.000413163;0.000206563;0.000711006
north;org;below;natmort;non-woody_litter;2020;0.001612916;0.000413124;0.000206543;0.000710939
north;org;below;natmort;non-woody_litter;2021;0.001612663;0.000413059;0.000206511;0.000710827
north;org;below;natmort;non-woody_litter;2022;0.001612663;0.000413059;0.000206511;0.000710827
north;org;below;natmort;non-woody_litter;2023;0.001612663;0.000413059;0.000206511;0.000710827
north;org;below;natmort;non-woody_litter;2024;0.001612663;0.000413059;0.000206511;0.000710827
north;org;below;natmort;non-woody_litter;2025;0.001612663;0.000413059;0.000206511;0.000710827
north;org;below;natmort;non-woody_litter;2026;0.001612663;0.000413059;0.000206511;0.000710827
north;org;below;natmort;non-woody_litter;2027;0.001612663;0.000413059;0.000206511;0.000710827
north;org;below;natmort;non-woody_litter;2028;0.001612663;0.000413059;0.000206511;0.000710827
north;org;below;natmort;non-woody_litter;2029;0.001612663;0.000413059;0.000206511;0.000710827
north;org;below;natmort;non-woody_litter;2030;0.001612663;0.000413059;0.000206511;0.000710827
north;org;below;natmort;non-woody_litter;2031;0.001612663;0.000413059;0.000206511;0.000710827
north;org;below;natmort;non-woody_litter;2032;0.001612663;0.000413059;0.000206511;0.000710827
north;org;below;natmort;non-woody_litter;2033;0.001612663;0.000413059;0.000206511;0.000710827
north;org;below;natmort;non-woody_litter;2034;0.001612663;0.000413059;0.000206511;0.000710827
north;org;below;natmort;non-woody_litter;2035;0.001612663;0.000413059;0.000206511;0.000710827
north;org;below;natmort;non-woody_litter;2036;0.001612663;0.000413059;0.000206511;0.000710827
north;org;below;natmort;non-woody_litter;2037;0.001612663;0.000413059;0.000206511;0.000710827
north;org;below;natmort;non-woody_litter;2038;0.001612663;0.000413059;0.000206511;0.000710827
north;org;below;natmort;non-woody_litter;2039;0.001612663;0.000413059;0.000206511;0.000710827
north;org;below;natmort;non-woody_litter;2040;0.001612663;0.000413059;0.000206511;0.000710827
north;org;below;natmort;non-woody_litter;2041;0.001612663;0.000413059;0.000206511;0.000710827
north;org;below;natmort;non-woody_litter;2042;0.001612663;0.000413059;0.000206511;0.000710827
north;org;below;natmort;non-woody_litter;2043;0.001612663;0.000413059;0.000206511;0.000710827
north;org;below;natmort;non-woody_litter;2044;0.001612663;0.000413059;0.000206511;0.000710827
north;org;below;natmort;non-woody_litter;2045;0.001612663;0.000413059;0.000206511;0.000710827
north;org;below;natmort;non-woody_litter;2046;0.001612663;0.000413059;0.000206511;0.000710827
north;org;below;natmort;non-woody_litter;2047;0.001612663;0.000413059;0.000206511;0.000710827
north;org;below;natmort;non-woody_litter;2048;0.001612663;0.000413059;0.000206511;0.000710827
north;org;below;natmort;non-woody_litter;2049;0.001612663;0.000413059;0.000206511;0.000710827
north;org;below;natmort;non-woody_litter;2050;0.001612663;0.000413059;0.000206511;0.000710827
