maakunta;peat_type;year;roll_T
1;1;1990;11.8697222222222
1;1;1991;11.8458620689655
1;1;1992;11.8836590038314
1;1;1993;11.8089846743295
1;1;1994;11.809683908046
1;1;1995;11.8569636015326
1;1;1996;11.8482662835249
1;1;1997;11.8385632183908
1;1;1998;11.8497892720307
1;1;1999;11.8811973180077
1;1;2000;11.8895593869732
1;1;2001;11.9392049808429
1;1;2002;11.9309674329502
1;1;2003;11.9415229885057
1;1;2004;11.9588697318008
1;1;2005;11.9624521072797
1;1;2006;12.0748850574713
1;1;2007;12.1336685823755
1;1;2008;12.1776245210728
1;1;2009;12.1939367816092
1;1;2010;12.2436877394636
1;1;2011;12.3115134099617
1;1;2012;12.3412068965517
1;1;2013;12.376245210728
1;1;2014;12.3991570881226
1;1;2015;12.4040804597701
1;1;2016;12.4434482758621
1;1;2017;12.4709003831418
1;1;2018;12.5086015325671
1;1;2019;12.5114559386973
1;1;2020;12.5646551724138
1;1;2021;12.6286302681992
1;2;1990;11.7519642857143
1;2;1991;11.7260317460317
1;2;1992;11.7668551587302
1;2;1993;11.6974603174603
1;2;1994;11.699871031746
1;2;1995;11.7444146825397
1;2;1996;11.7355555555556
1;2;1997;11.7330952380952
1;2;1998;11.744871031746
1;2;1999;11.7736805555556
1;2;2000;11.7839384920635
1;2;2001;11.8363293650794
1;2;2002;11.8333234126984
1;2;2003;11.8446031746032
1;2;2004;11.8623214285714
1;2;2005;11.8658035714286
1;2;2006;11.976001984127
1;2;2007;12.036001984127
1;2;2008;12.0816765873016
1;2;2009;12.0994146825397
1;2;2010;12.1432738095238
1;2;2011;12.2094246031746
1;2;2012;12.2344246031746
1;2;2013;12.2679761904762
1;2;2014;12.2910317460317
1;2;2015;12.2956150793651
1;2;2016;12.336994047619
1;2;2017;12.3693253968254
1;2;2018;12.4122817460317
1;2;2019;12.418373015873
1;2;2020;12.4727777777778
1;2;2021;12.5397321428571
1;4;1990;11.6446360153257
1;4;1991;11.6199042145594
1;4;1992;11.6589846743295
1;4;1993;11.5810344827586
1;4;1994;11.5791570881226
1;4;1995;11.626724137931
1;4;1996;11.6157279693487
1;4;1997;11.6037931034483
1;4;1998;11.6143295019157
1;4;1999;11.6425478927203
1;4;2000;11.6500574712644
1;4;2001;11.6970498084291
1;4;2002;11.687183908046
1;4;2003;11.6994061302682
1;4;2004;11.7169540229885
1;4;2005;11.7205555555556
1;4;2006;11.8356130268199
1;4;2007;11.8942720306513
1;4;2008;11.9353639846743
1;4;2009;11.9491954022988
1;4;2010;11.9989846743295
1;4;2011;12.0669731800766
1;4;2012;12.0956513409962
1;4;2013;12.1307662835249
1;4;2014;12.1540421455939
1;4;2015;12.1565134099617
1;4;2016;12.196245210728
1;4;2017;12.2249233716475
1;4;2018;12.2652490421456
1;4;2019;12.2704214559387
1;4;2020;12.3264367816092
1;4;2021;12.3955747126437
1;6;1990;11.7311695906433
1;6;1991;11.7083918128655
1;6;1992;11.7454385964912
1;6;1993;11.664649122807
1;6;1994;11.6614619883041
1;6;1995;11.710701754386
1;6;1996;11.6988888888889
1;6;1997;11.6868128654971
1;6;1998;11.6980701754386
1;6;1999;11.7304385964912
1;6;2000;11.7391520467836
1;6;2001;11.7889766081871
1;6;2002;11.780701754386
1;6;2003;11.7958187134503
1;6;2004;11.8147660818713
1;6;2005;11.8204385964912
1;6;2006;11.9391812865497
1;6;2007;11.9998538011696
1;6;2008;12.0437426900585
1;6;2009;12.0592105263158
1;6;2010;12.1147368421053
1;6;2011;12.1852923976608
1;6;2012;12.217865497076
1;6;2013;12.2552923976608
1;6;2014;12.2783625730994
1;6;2015;12.2827777777778
1;6;2016;12.3210526315789
1;6;2017;12.3442397660819
1;6;2018;12.379649122807
1;6;2019;12.380730994152
1;6;2020;12.4334795321637
1;6;2021;12.498216374269
2;1;1990;11.6964030131827
2;1;1991;11.6652730696799
2;1;1992;11.7039924670433
2;1;1993;11.6321374764595
2;1;1994;11.631384180791
2;1;1995;11.6720056497175
2;1;1996;11.6618644067797
2;1;1997;11.6698964218456
2;1;1998;11.6775235404896
2;1;1999;11.6978907721281
2;1;2000;11.7019397363465
2;1;2001;11.7486723163842
2;1;2002;11.7506308851224
2;1;2003;11.7706685499058
2;1;2004;11.7901600753296
2;1;2005;11.7959133709981
2;1;2006;11.9053107344633
2;1;2007;11.9693126177024
2;1;2008;12.0116572504708
2;1;2009;12.0307438794727
2;1;2010;12.0663465160075
2;1;2011;12.1356026365348
2;1;2012;12.1602919020716
2;1;2013;12.1980037664783
2;1;2014;12.2271751412429
2;1;2015;12.2349246704331
2;1;2016;12.2779943502825
2;1;2017;12.3166195856874
2;1;2018;12.3674387947269
2;1;2019;12.3786534839925
2;1;2020;12.4354990583804
2;1;2021;12.506581920904
2;2;1990;11.728699845679
2;2;1991;11.6967013888889
2;2;1992;11.7361689814815
2;2;1993;11.6637268518519
2;2;1994;11.6634529320988
2;2;1995;11.7055594135802
2;2;1996;11.6958603395062
2;2;1997;11.703074845679
2;2;1998;11.7117631172839
2;2;1999;11.7315084876543
2;2;2000;11.7345756172839
2;2;2001;11.7816435185185
2;2;2002;11.7824884259259
2;2;2003;11.8045524691358
2;2;2004;11.8244212962963
2;2;2005;11.8294945987654
2;2;2006;11.9393711419753
2;2;2007;12.0013078703704
2;2;2008;12.0424112654321
2;2;2009;12.058024691358
2;2;2010;12.0924807098765
2;2;2011;12.1581674382716
2;2;2012;12.1803858024691
2;2;2013;12.2162808641975
2;2;2014;12.2428163580247
2;2;2015;12.2446913580247
2;2;2016;12.2841666666667
2;2;2017;12.3203780864198
2;2;2018;12.368800154321
2;2;2019;12.3784027777778
2;2;2020;12.4330169753086
2;2;2021;12.5044560185185
2;4;1990;11.6860960960961
2;4;1991;11.655960960961
2;4;1992;11.6957657657658
2;4;1993;11.6240990990991
2;4;1994;11.6242492492492
2;4;1995;11.6677627627628
2;4;1996;11.6591441441441
2;4;1997;11.6643693693694
2;4;1998;11.6737237237237
2;4;1999;11.6931831831832
2;4;2000;11.6953453453453
2;4;2001;11.7412312312312
2;4;2002;11.7412462462462
2;4;2003;11.7626126126126
2;4;2004;11.7821171171171
2;4;2005;11.7886786786787
2;4;2006;11.8981531531532
2;4;2007;11.9592642642643
2;4;2008;11.9975225225225
2;4;2009;12.0111561561562
2;4;2010;12.0452852852853
2;4;2011;12.1106006006006
2;4;2012;12.1334834834835
2;4;2013;12.1692342342342
2;4;2014;12.1962612612613
2;4;2015;12.1977927927928
2;4;2016;12.2362612612613
2;4;2017;12.2713813813814
2;4;2018;12.3193993993994
2;4;2019;12.3266816816817
2;4;2020;12.3802402402402
2;4;2021;12.4493393393393
2;6;1990;11.6223640661939
2;6;1991;11.5917494089835
2;6;1992;11.6309101654846
2;6;1993;11.5578368794326
2;6;1994;11.5576122931442
2;6;1995;11.6002245862884
2;6;1996;11.5912765957447
2;6;1997;11.5970921985816
2;6;1998;11.6067966903073
2;6;1999;11.6255437352246
2;6;2000;11.6283569739953
2;6;2001;11.674621749409
2;6;2002;11.6734042553192
2;6;2003;11.6957210401891
2;6;2004;11.7146926713948
2;6;2005;11.722706855792
2;6;2006;11.8337943262411
2;6;2007;11.8941725768322
2;6;2008;11.9327541371158
2;6;2009;11.9464775413712
2;6;2010;11.9812411347518
2;6;2011;12.0457328605201
2;6;2012;12.0687943262411
2;6;2013;12.1049763593381
2;6;2014;12.131524822695
2;6;2015;12.1320449172577
2;6;2016;12.1701300236407
2;6;2017;12.2035224586288
2;6;2018;12.2511111111111
2;6;2019;12.2594680851064
2;6;2020;12.3140661938534
2;6;2021;12.385756501182
2;7;1990;11.6627777777778
2;7;1991;11.63
2;7;1992;11.6668518518519
2;7;1993;11.5924074074074
2;7;1994;11.5888888888889
2;7;1995;11.6257407407407
2;7;1996;11.6146296296296
2;7;1997;11.6185185185185
2;7;1998;11.6237037037037
2;7;1999;11.6364814814815
2;7;2000;11.6353703703704
2;7;2001;11.6796296296296
2;7;2002;11.6801851851852
2;7;2003;11.6994444444444
2;7;2004;11.7174074074074
2;7;2005;11.7259259259259
2;7;2006;11.8362962962963
2;7;2007;11.897962962963
2;7;2008;11.9340740740741
2;7;2009;11.9485185185185
2;7;2010;11.9798148148148
2;7;2011;12.0472222222222
2;7;2012;12.0733333333333
2;7;2013;12.1107407407407
2;7;2014;12.1401851851852
2;7;2015;12.147037037037
2;7;2016;12.187962962963
2;7;2017;12.2253703703704
2;7;2018;12.2753703703704
2;7;2019;12.2864814814815
2;7;2020;12.342962962963
2;7;2021;12.4138888888889
4;1;1990;11.2615590442879
4;1;1991;11.2296253092646
4;1;1992;11.2560756603272
4;1;1993;11.185742805804
4;1;1994;11.1860105393903
4;1;1995;11.2226310422242
4;1;1996;11.2139134363853
4;1;1997;11.2233271487722
4;1;1998;11.2408093886932
4;1;1999;11.2527454500791
4;1;2000;11.2587080274418
4;1;2001;11.301965396983
4;1;2002;11.2994646660068
4;1;2003;11.3164790852353
4;1;2004;11.3324658738518
4;1;2005;11.3509150808748
4;1;2006;11.4593399412685
4;1;2007;11.519422888031
4;1;2008;11.5489152251288
4;1;2009;11.5664673740873
4;1;2010;11.5973718134833
4;1;2011;11.6726545804836
4;1;2012;11.6981366339849
4;1;2013;11.7414979707694
4;1;2014;11.7711096391981
4;1;2015;11.7808953869708
4;1;2016;11.8238048685747
4;1;2017;11.8531876497235
4;1;2018;11.9061412317835
4;1;2019;11.91384869828
4;1;2020;11.9704358758255
4;1;2021;12.0395543810292
4;2;1990;11.2417159111675
4;2;1991;11.2077133250668
4;2;1992;11.2340058972294
4;2;1993;11.1618484078599
4;2;1994;11.1600991626465
4;2;1995;11.1952633938025
4;2;1996;11.185698882273
4;2;1997;11.1924604421916
4;2;1998;11.2077266348454
4;2;1999;11.2180684895102
4;2;2000;11.2223433670462
4;2;2001;11.2652397136995
4;2;2002;11.2631861391672
4;2;2003;11.2788718107948
4;2;2004;11.294013786442
4;2;2005;11.3114527383023
4;2;2006;11.4209523585501
4;2;2007;11.481214093383
4;2;2008;11.5117019564745
4;2;2009;11.5274642963851
4;2;2010;11.5574097642294
4;2;2011;11.6315106215156
4;2;2012;11.6576467112232
4;2;2013;11.6998870803197
4;2;2014;11.7283914330046
4;2;2015;11.7391142161352
4;2;2016;11.780651716037
4;2;2017;11.8098970768214
4;2;2018;11.860750203589
4;2;2019;11.8678635935441
4;2;2020;11.9247348959897
4;2;2021;11.9933736641384
4;4;1990;10.8988073735248
4;4;1991;10.8633457977471
4;4;1992;10.8865677399809
4;4;1993;10.8119205785068
4;4;1994;10.8098120871121
4;4;1995;10.8429473277018
4;4;1996;10.8344708048812
4;4;1997;10.8411209319726
4;4;1998;10.8582468026843
4;4;1999;10.8640293762998
4;4;2000;10.8707388168577
4;4;2001;10.91415483005
4;4;2002;10.9106784918742
4;4;2003;10.9301599140451
4;4;2004;10.9457054530183
4;4;2005;10.9667451212979
4;4;2006;11.0748960988738
4;4;2007;11.1322115008587
4;4;2008;11.1586800773557
4;4;2009;11.1720949021077
4;4;2010;11.2004714003312
4;4;2011;11.2739022390367
4;4;2012;11.2984101853603
4;4;2013;11.3391737078973
4;4;2014;11.363370842167
4;4;2015;11.3719562971799
4;4;2016;11.4103388402227
4;4;2017;11.431416568359
4;4;2018;11.4792760965055
4;4;2019;11.4823554543267
4;4;2020;11.5372716629066
4;4;2021;11.603660488904
4;6;1990;11.0393302866584
4;6;1991;11.0049308881836
4;6;1992;11.0298946131106
4;6;1993;10.9565268191184
4;6;1994;10.9545510083497
4;6;1995;10.9888996708057
4;6;1996;10.9800075497875
4;6;1997;10.9868091185403
4;6;1998;11.0031314126329
4;6;1999;11.0108556491341
4;6;2000;11.0167593669686
4;6;2001;11.0601571326515
4;6;2002;11.0576104818106
4;6;2003;11.0757230312988
4;6;2004;11.09114548639
4;6;2005;11.1105526713142
4;6;2006;11.2191064841198
4;6;2007;11.2775567444782
4;6;2008;11.3058822388027
4;6;2009;11.3204000505678
4;6;2010;11.3495039423156
4;6;2011;11.4230108152035
4;6;2012;11.4480298830287
4;6;2013;11.4893555111714
4;6;2014;11.5151585645484
4;6;2015;11.5243470222607
4;6;2016;11.5638012156527
4;6;2017;11.5883383086788
4;6;2018;11.6374034052799
4;6;2019;11.6420217507986
4;6;2020;11.6976980134898
4;6;2021;11.7649597205275
4;7;1990;10.9943445348111
4;7;1991;10.9615311418329
4;7;1992;10.987275437165
4;7;1993;10.9157565631874
4;7;1994;10.916979851787
4;7;1995;10.9519264289864
4;7;1996;10.9438708734308
4;7;1997;10.9511874655413
4;7;1998;10.9676475848311
4;7;1999;10.9735396728523
4;7;2000;10.9808918801633
4;7;2001;11.0245795535625
4;7;2002;11.0231319099858
4;7;2003;11.0412515521164
4;7;2004;11.05688366996
4;7;2005;11.0767180696708
4;7;2006;11.1822558176261
4;7;2007;11.2402401427808
4;7;2008;11.2675923500918
4;7;2009;11.2840221860683
4;7;2010;11.314287488133
4;7;2011;11.391491902755
4;7;2012;11.4157885545104
4;7;2013;11.4589028647539
4;7;2014;11.4866681668186
4;7;2015;11.4977027156416
4;7;2016;11.5395225068844
4;7;2017;11.5637301206387
4;7;2018;11.6148287560368
4;7;2019;11.6186107993243
4;7;2020;11.6763173467012
4;7;2021;11.7434380552092
5;1;1990;11.3544444444444
5;1;1991;11.3270094562648
5;1;1992;11.3643735224586
5;1;1993;11.2835933806147
5;1;1994;11.2800354609929
5;1;1995;11.3248463356974
5;1;1996;11.3136761229314
5;1;1997;11.3026713947991
5;1;1998;11.3117257683215
5;1;1999;11.331170212766
5;1;2000;11.3346926713948
5;1;2001;11.3787115839243
5;1;2002;11.3677777777778
5;1;2003;11.3874704491726
5;1;2004;11.4026241134752
5;1;2005;11.4113356973995
5;1;2006;11.5260165484634
5;1;2007;11.5834397163121
5;1;2008;11.6191843971631
5;1;2009;11.6266193853428
5;1;2010;11.6748345153664
5;1;2011;11.7373640661939
5;1;2012;11.763841607565
5;1;2013;11.7955791962175
5;1;2014;11.8159101654846
5;1;2015;11.8149645390071
5;1;2016;11.8471867612293
5;1;2017;11.8695744680851
5;1;2018;11.9113002364066
5;1;2019;11.9093735224586
5;1;2020;11.9667494089834
5;1;2021;12.038073286052
5;2;1990;11.3483503401361
5;2;1991;11.320164399093
5;2;1992;11.3574886621315
5;2;1993;11.2762811791383
5;2;1994;11.2706575963719
5;2;1995;11.3139909297052
5;2;1996;11.3017176870748
5;2;1997;11.2883503401361
5;2;1998;11.2957596371882
5;2;1999;11.3127267573696
5;2;2000;11.3146882086168
5;2;2001;11.3568650793651
5;2;2002;11.3450623582766
5;2;2003;11.3643537414966
5;2;2004;11.379410430839
5;2;2005;11.3883503401361
5;2;2006;11.5046655328798
5;2;2007;11.5632936507936
5;2;2008;11.6001927437642
5;2;2009;11.6087301587302
5;2;2010;11.6575056689342
5;2;2011;11.7201984126984
5;2;2012;11.7468027210884
5;2;2013;11.7787925170068
5;2;2014;11.7996371882086
5;2;2015;11.7995975056689
5;2;2016;11.8322959183673
5;2;2017;11.8550907029478
5;2;2018;11.8977040816327
5;2;2019;11.8960034013605
5;2;2020;11.9529648526077
5;2;2021;12.0235487528345
5;4;1990;11.3004882154882
5;4;1991;11.2719191919192
5;4;1992;11.3089225589226
5;4;1993;11.226936026936
5;4;1994;11.2210437710438
5;4;1995;11.2635858585859
5;4;1996;11.2509595959596
5;4;1997;11.2367676767677
5;4;1998;11.243265993266
5;4;1999;11.2589730639731
5;4;2000;11.2608417508418
5;4;2001;11.3031313131313
5;4;2002;11.2910774410774
5;4;2003;11.3106060606061
5;4;2004;11.3253535353535
5;4;2005;11.3342929292929
5;4;2006;11.44867003367
5;4;2007;11.5055723905724
5;4;2008;11.5405218855219
5;4;2009;11.5470707070707
5;4;2010;11.5946127946128
5;4;2011;11.6563636363636
5;4;2012;11.6821043771044
5;4;2013;11.7129292929293
5;4;2014;11.7322222222222
5;4;2015;11.7301178451178
5;4;2016;11.7615656565657
5;4;2017;11.7830134680135
5;4;2018;11.8239562289562
5;4;2019;11.8210269360269
5;4;2020;11.8787373737374
5;4;2021;11.9509932659933
5;6;1990;11.397601010101
5;6;1991;11.3718939393939
5;6;1992;11.4105808080808
5;6;1993;11.3292929292929
5;6;1994;11.3230808080808
5;6;1995;11.3682323232323
5;6;1996;11.3562121212121
5;6;1997;11.3438888888889
5;6;1998;11.3523737373737
5;6;1999;11.3712878787879
5;6;2000;11.3730303030303
5;6;2001;11.4151515151515
5;6;2002;11.4029797979798
5;6;2003;11.4216414141414
5;6;2004;11.4367171717172
5;6;2005;11.4445202020202
5;6;2006;11.5614141414141
5;6;2007;11.6199242424242
5;6;2008;11.6568181818182
5;6;2009;11.6659848484848
5;6;2010;11.7155303030303
5;6;2011;11.780101010101
5;6;2012;11.8083333333333
5;6;2013;11.8425
5;6;2014;11.864898989899
5;6;2015;11.8645707070707
5;6;2016;11.8983838383838
5;6;2017;11.9215909090909
5;6;2018;11.9617929292929
5;6;2019;11.9602525252525
5;6;2020;12.0152777777778
5;6;2021;12.085202020202
6;1;1990;11.0216644818297
6;1;1991;10.9893266075427
6;1;1992;11.0183741661521
6;1;1993;10.9434490829829
6;1;1994;10.9407694493404
6;1;1995;10.9784464755147
6;1;1996;10.9674984928389
6;1;1997;10.9644972185686
6;1;1998;10.9796330193327
6;1;1999;10.9925980104235
6;1;2000;11.0018839045968
6;1;2001;11.0481001712968
6;1;2002;11.0412477294863
6;1;2003;11.0647467473238
6;1;2004;11.0804083127112
6;1;2005;11.0983223971385
6;1;2006;11.2086858428308
6;1;2007;11.2641723584586
6;1;2008;11.2867516849934
6;1;2009;11.2939673369276
6;1;2010;11.3302396357495
6;1;2011;11.3952716410532
6;1;2012;11.4206819925107
6;1;2013;11.4550727967138
6;1;2014;11.4754163806746
6;1;2015;11.4784385898371
6;1;2016;11.5124929923815
6;1;2017;11.5333985827365
6;1;2018;11.5823064657931
6;1;2019;11.5826337311045
6;1;2020;11.6421790565922
6;1;2021;11.7123163302738
6;2;1990;10.8838380529366
6;2;1991;10.848879482174
6;2;1992;10.8756155622061
6;2;1993;10.7977564273927
6;2;1994;10.7932267464781
6;2;1995;10.8284116788886
6;2;1996;10.8157309895352
6;2;1997;10.8116601037326
6;2;1998;10.8283945027957
6;2;1999;10.8387245284926
6;2;2000;10.8472082201348
6;2;2001;10.8927802184543
6;2;2002;10.8819151404513
6;2;2003;10.9039813226871
6;2;2004;10.9179398340295
6;2;2005;10.9354049667285
6;2;2006;11.0438350233427
6;2;2007;11.098607480632
6;2;2008;11.1191009809059
6;2;2009;11.1250128425037
6;2;2010;11.1593306166778
6;2;2011;11.2231280351411
6;2;2012;11.2488667034733
6;2;2013;11.2825029525505
6;2;2014;11.3013002649489
6;2;2015;11.3035993829362
6;2;2016;11.3364067288717
6;2;2017;11.3549024489562
6;2;2018;11.4027292103151
6;2;2019;11.4018343989734
6;2;2020;11.4597540882901
6;2;2021;11.5289005016605
6;4;1990;10.6904015408542
6;4;1991;10.6519593899262
6;4;1992;10.6754146681459
6;4;1993;10.5933799661517
6;4;1994;10.5855723724265
6;4;1995;10.6165836351914
6;4;1996;10.6015412651114
6;4;1997;10.5970249752973
6;4;1998;10.6144677530523
6;4;1999;10.6193257503528
6;4;2000;10.6262482420748
6;4;2001;10.670693799288
6;4;2002;10.6570190507371
6;4;2003;10.6799027506352
6;4;2004;10.6920311512455
6;4;2005;10.7096079562715
6;4;2006;10.8155502469702
6;4;2007;10.8693682897056
6;4;2008;10.8868171344895
6;4;2009;10.8907158634509
6;4;2010;10.9213346841742
6;4;2011;10.9839865807315
6;4;2012;11.0097035430515
6;4;2013;11.0426729493624
6;4;2014;11.0596570290049
6;4;2015;11.0609446812848
6;4;2016;11.0922441169353
6;4;2017;11.1073858717078
6;4;2018;11.1538781232672
6;4;2019;11.1518616782568
6;4;2020;11.2073298912098
6;4;2021;11.2755077350075
6;6;1990;10.6957972806921
6;6;1991;10.657180914648
6;6;1992;10.6802973153539
6;6;1993;10.5978525313293
6;6;1994;10.5895778915963
6;6;1995;10.6200913956084
6;6;1996;10.6046639825877
6;6;1997;10.6002150966059
6;6;1998;10.6172422061996
6;6;1999;10.6211871462024
6;6;2000;10.6275202018216
6;6;2001;10.6713387669339
6;6;2002;10.6574487107838
6;6;2003;10.6803714319671
6;6;2004;10.6924034968269
6;6;2005;10.7098583767721
6;6;2006;10.815418731196
6;6;2007;10.8689710620522
6;6;2008;10.8860551949692
6;6;2009;10.8898312403939
6;6;2010;10.9199284706252
6;6;2011;10.9823605390351
6;6;2012;11.0077135706474
6;6;2013;11.0404386064591
6;6;2014;11.0570799755018
6;6;2015;11.0579798649833
6;6;2016;11.0889950646906
6;6;2017;11.103562894921
6;6;2018;11.1493449808404
6;6;2019;11.1466390514314
6;6;2020;11.2014378487313
6;6;2021;11.2693327982815
6;7;1990;10.6829829944593
6;7;1991;10.643657667993
6;7;1992;10.6657433075416
6;7;1993;10.5815340240996
6;7;1994;10.5720865047015
6;7;1995;10.5994247699481
6;7;1996;10.5830682280099
6;7;1997;10.5809784685441
6;7;1998;10.5954609173333
6;7;1999;10.5937470214608
6;7;2000;10.5979429601244
6;7;2001;10.6404619622968
6;7;2002;10.6269715066406
6;7;2003;10.6512146745101
6;7;2004;10.6641557245181
6;7;2005;10.6820084660219
6;7;2006;10.7855050715854
6;7;2007;10.8391516046009
6;7;2008;10.8566972963299
6;7;2009;10.8610595821774
6;7;2010;10.8883228836981
6;7;2011;10.9519971512337
6;7;2012;10.9758080014429
6;7;2013;11.0091310649517
6;7;2014;11.0268133393543
6;7;2015;11.0274952077588
6;7;2016;11.0596424662551
6;7;2017;11.0733506182182
6;7;2018;11.1189061737738
6;7;2019;11.1161181261714
6;7;2020;11.1678905660379
6;7;2021;11.2347513144086
7;1;1990;11.3981481481481
7;1;1991;11.3703950617284
7;1;1992;11.400950617284
7;1;1993;11.3164567901235
7;1;1994;11.3166790123457
7;1;1995;11.3663086419753
7;1;1996;11.3594938271605
7;1;1997;11.3448395061728
7;1;1998;11.3606543209877
7;1;1999;11.3893827160494
7;1;2000;11.4006666666667
7;1;2001;11.4482592592593
7;1;2002;11.4397283950617
7;1;2003;11.4603827160494
7;1;2004;11.4776666666667
7;1;2005;11.4917283950617
7;1;2006;11.6112592592593
7;1;2007;11.6690617283951
7;1;2008;11.6961728395062
7;1;2009;11.7005802469136
7;1;2010;11.7501358024691
7;1;2011;11.8141481481481
7;1;2012;11.8492716049383
7;1;2013;11.8832345679012
7;1;2014;11.8996296296296
7;1;2015;11.9044938271605
7;1;2016;11.9362098765432
7;1;2017;11.9551975308642
7;1;2018;11.9931481481481
7;1;2019;11.9884320987654
7;1;2020;12.0491728395062
7;1;2021;12.1181234567901
7;2;1990;11.4065199161426
7;2;1991;11.3777882599581
7;2;1992;11.4069811320755
7;2;1993;11.3238259958071
7;2;1994;11.3253249475891
7;2;1995;11.3744863731656
7;2;1996;11.3676624737946
7;2;1997;11.3539727463312
7;2;1998;11.371320754717
7;2;1999;11.4010167714885
7;2;2000;11.4138259958071
7;2;2001;11.4611320754717
7;2;2002;11.4538993710692
7;2;2003;11.4750314465409
7;2;2004;11.4931341719078
7;2;2005;11.5099475890985
7;2;2006;11.6295597484277
7;2;2007;11.6880922431866
7;2;2008;11.712641509434
7;2;2009;11.715786163522
7;2;2010;11.7640146750524
7;2;2011;11.8271488469602
7;2;2012;11.8614150943396
7;2;2013;11.8943815513627
7;2;2014;11.9099475890985
7;2;2015;11.9164779874214
7;2;2016;11.9477044025157
7;2;2017;11.9670125786164
7;2;2018;12.0061215932914
7;2;2019;11.9994025157233
7;2;2020;12.0613102725367
7;2;2021;12.129465408805
7;4;1990;11.4824
7;4;1991;11.4540666666667
7;4;1992;11.4843333333333
7;4;1993;11.3956888888889
7;4;1994;11.3931111111111
7;4;1995;11.4406
7;4;1996;11.4298222222222
7;4;1997;11.4130444444444
7;4;1998;11.4293555555556
7;4;1999;11.4584444444444
7;4;2000;11.4681777777778
7;4;2001;11.5155333333333
7;4;2002;11.5040444444444
7;4;2003;11.5233111111111
7;4;2004;11.54
7;4;2005;11.5527555555556
7;4;2006;11.6734
7;4;2007;11.7312888888889
7;4;2008;11.7602888888889
7;4;2009;11.7652
7;4;2010;11.8175777777778
7;4;2011;11.882
7;4;2012;11.9181555555556
7;4;2013;11.9522222222222
7;4;2014;11.9686888888889
7;4;2015;11.9730222222222
7;4;2016;12.0043111111111
7;4;2017;12.0227555555556
7;4;2018;12.0593111111111
7;4;2019;12.0538666666667
7;4;2020;12.1128888888889
7;4;2021;12.1812666666667
7;6;1990;11.4268888888889
7;6;1991;11.3981851851852
7;6;1992;11.4264814814815
7;6;1993;11.3346666666667
7;6;1994;11.3304074074074
7;6;1995;11.3764814814815
7;6;1996;11.3641111111111
7;6;1997;11.3419259259259
7;6;1998;11.3531481481481
7;6;1999;11.3765185185185
7;6;2000;11.3857777777778
7;6;2001;11.4347407407407
7;6;2002;11.4224074074074
7;6;2003;11.4431111111111
7;6;2004;11.4607407407407
7;6;2005;11.4720740740741
7;6;2006;11.5914444444444
7;6;2007;11.6485185185185
7;6;2008;11.679962962963
7;6;2009;11.6847777777778
7;6;2010;11.7374444444444
7;6;2011;11.8023703703704
7;6;2012;11.8387777777778
7;6;2013;11.8721851851852
7;6;2014;11.8885555555556
7;6;2015;11.8917407407407
7;6;2016;11.9237777777778
7;6;2017;11.9434444444444
7;6;2018;11.9801111111111
7;6;2019;11.9777777777778
7;6;2020;12.0394074074074
7;6;2021;12.109962962963
8;1;1990;11.7248148148148
8;1;1991;11.6939351851852
8;1;1992;11.7277777777778
8;1;1993;11.6327546296296
8;1;1994;11.6317361111111
8;1;1995;11.6815509259259
8;1;1996;11.6693981481482
8;1;1997;11.6485185185185
8;1;1998;11.66875
8;1;1999;11.7078703703704
8;1;2000;11.7149768518519
8;1;2001;11.76375
8;1;2002;11.7481712962963
8;1;2003;11.7632407407407
8;1;2004;11.7805787037037
8;1;2005;11.7936111111111
8;1;2006;11.9140046296296
8;1;2007;11.9766898148148
8;1;2008;12.0116203703704
8;1;2009;12.0221759259259
8;1;2010;12.0801851851852
8;1;2011;12.1453240740741
8;1;2012;12.1828703703704
8;1;2013;12.2225694444444
8;1;2014;12.2404398148148
8;1;2015;12.2467824074074
8;1;2016;12.2812962962963
8;1;2017;12.3026388888889
8;1;2018;12.3421296296296
8;1;2019;12.3349768518519
8;1;2020;12.3953703703704
8;1;2021;12.4622685185185
8;2;1990;11.7650735294118
8;2;1991;11.734387254902
8;2;1992;11.7688235294118
8;2;1993;11.6747303921569
8;2;1994;11.6755637254902
8;2;1995;11.7287908496732
8;2;1996;11.7188235294118
8;2;1997;11.6980964052288
8;2;1998;11.7183905228758
8;2;1999;11.7608578431373
8;2;2000;11.7682679738562
8;2;2001;11.8194444444444
8;2;2002;11.8035539215686
8;2;2003;11.8188807189543
8;2;2004;11.8376879084967
8;2;2005;11.8507107843137
8;2;2006;11.9685294117647
8;2;2007;12.0312745098039
8;2;2008;12.0684640522876
8;2;2009;12.0798120915033
8;2;2010;12.1380555555556
8;2;2011;12.2009395424837
8;2;2012;12.236045751634
8;2;2013;12.2739624183007
8;2;2014;12.2897630718954
8;2;2015;12.2935049019608
8;2;2016;12.3286029411765
8;2;2017;12.3489624183007
8;2;2018;12.3855555555556
8;2;2019;12.3772467320261
8;2;2020;12.4351307189542
8;2;2021;12.4995669934641
8;4;1990;11.7662529550827
8;4;1991;11.733865248227
8;4;1992;11.7667257683215
8;4;1993;11.6718676122931
8;4;1994;11.6721513002364
8;4;1995;11.7225531914894
8;4;1996;11.709609929078
8;4;1997;11.6871867612293
8;4;1998;11.7069621749409
8;4;1999;11.7486406619385
8;4;2000;11.754988179669
8;4;2001;11.805
8;4;2002;11.7867612293144
8;4;2003;11.8009810874705
8;4;2004;11.8191489361702
8;4;2005;11.832304964539
8;4;2006;11.948451536643
8;4;2007;12.0102482269504
8;4;2008;12.045390070922
8;4;2009;12.0565602836879
8;4;2010;12.1140898345154
8;4;2011;12.1756619385343
8;4;2012;12.2107210401891
8;4;2013;12.248061465721
8;4;2014;12.2626713947991
8;4;2015;12.2662174940898
8;4;2016;12.3013356973995
8;4;2017;12.3204609929078
8;4;2018;12.3566193853428
8;4;2019;12.3467021276596
8;4;2020;12.4040543735225
8;4;2021;12.4674940898345
8;6;1990;11.7560416666667
8;6;1991;11.7230902777778
8;6;1992;11.756875
8;6;1993;11.6584722222222
8;6;1994;11.6561111111111
8;6;1995;11.7005208333333
8;6;1996;11.6828472222222
8;6;1997;11.6603125
8;6;1998;11.6822569444444
8;6;1999;11.7231597222222
8;6;2000;11.7310416666667
8;6;2001;11.7801736111111
8;6;2002;11.765
8;6;2003;11.7798263888889
8;6;2004;11.7975347222222
8;6;2005;11.8120486111111
8;6;2006;11.9338194444444
8;6;2007;11.9988541666667
8;6;2008;12.0340972222222
8;6;2009;12.0464583333333
8;6;2010;12.1064583333333
8;6;2011;12.1735069444444
8;6;2012;12.213125
8;6;2013;12.2541319444444
8;6;2014;12.2738194444444
8;6;2015;12.2829513888889
8;6;2016;12.3185069444444
8;6;2017;12.3416666666667
8;6;2018;12.3838541666667
8;6;2019;12.375625
8;6;2020;12.436875
8;6;2021;12.5040972222222
9;1;1990;11.5836111111111
9;1;1991;11.5582222222222
9;1;1992;11.5906777777778
9;1;1993;11.4912333333333
9;1;1994;11.4863444444444
9;1;1995;11.5337222222222
9;1;1996;11.5153
9;1;1997;11.4870111111111
9;1;1998;11.5025
9;1;1999;11.5389222222222
9;1;2000;11.5394333333333
9;1;2001;11.5839222222222
9;1;2002;11.5552777777778
9;1;2003;11.5618666666667
9;1;2004;11.5691444444444
9;1;2005;11.5779111111111
9;1;2006;11.6857666666667
9;1;2007;11.7349777777778
9;1;2008;11.7531111111111
9;1;2009;11.7491777777778
9;1;2010;11.8060444444444
9;1;2011;11.8494222222222
9;1;2012;11.8847222222222
9;1;2013;11.9137222222222
9;1;2014;11.9163222222222
9;1;2015;11.9194222222222
9;1;2016;11.9499888888889
9;1;2017;11.9598222222222
9;1;2018;11.9884777777778
9;1;2019;11.9594666666667
9;1;2020;12.0109777777778
9;1;2021;12.0627777777778
9;2;1990;11.6058547008547
9;2;1991;11.5793660968661
9;2;1992;11.611566951567
9;2;1993;11.5133333333333
9;2;1994;11.5106766381766
9;2;1995;11.5604273504274
9;2;1996;11.5454487179487
9;2;1997;11.5193091168091
9;2;1998;11.535
9;2;1999;11.5730341880342
9;2;2000;11.5743304843305
9;2;2001;11.6207763532764
9;2;2002;11.5935968660969
9;2;2003;11.6011538461538
9;2;2004;11.6103846153846
9;2;2005;11.6191737891738
9;2;2006;11.7272364672365
9;2;2007;11.7787108262108
9;2;2008;11.8001495726496
9;2;2009;11.7992877492877
9;2;2010;11.8592735042735
9;2;2011;11.9058475783476
9;2;2012;11.9423646723647
9;2;2013;11.9733903133903
9;2;2014;11.9786467236467
9;2;2015;11.982792022792
9;2;2016;12.015405982906
9;2;2017;12.0269871794872
9;2;2018;12.057037037037
9;2;2019;12.0308903133903
9;2;2020;12.083896011396
9;2;2021;12.1374928774929
9;4;1990;11.6307504873294
9;4;1991;11.6037426900585
9;4;1992;11.6362768031189
9;4;1993;11.538343079922
9;4;1994;11.5365497076023
9;4;1995;11.5869200779727
9;4;1996;11.5725048732943
9;4;1997;11.5472514619883
9;4;1998;11.5633723196881
9;4;1999;11.602261208577
9;4;2000;11.6038888888889
9;4;2001;11.650730994152
9;4;2002;11.6245906432749
9;4;2003;11.6330604288499
9;4;2004;11.6436744639376
9;4;2005;11.6529434697856
9;4;2006;11.7617056530214
9;4;2007;11.8143859649123
9;4;2008;11.8375341130604
9;4;2009;11.8384697855751
9;4;2010;11.8994834307992
9;4;2011;11.9486744639376
9;4;2012;11.9858479532164
9;4;2013;12.0187719298246
9;4;2014;12.0258089668616
9;4;2015;12.0303801169591
9;4;2016;12.0632456140351
9;4;2017;12.0760233918129
9;4;2018;12.1076608187135
9;4;2019;12.0839083820663
9;4;2020;12.1380701754386
9;4;2021;12.1933625730994
9;6;1990;11.5918087855297
9;6;1991;11.5664211886305
9;6;1992;11.599173126615
9;6;1993;11.4990956072351
9;6;1994;11.4943281653747
9;6;1995;11.5431266149871
9;6;1996;11.5262144702842
9;6;1997;11.4992118863049
9;6;1998;11.513811369509
9;6;1999;11.5511627906977
9;6;2000;11.551976744186
9;6;2001;11.5978552971576
9;6;2002;11.5707493540052
9;6;2003;11.5786563307494
9;6;2004;11.5877260981912
9;6;2005;11.5970671834625
9;6;2006;11.7054521963824
9;6;2007;11.7566408268734
9;6;2008;11.7772222222222
9;6;2009;11.7744573643411
9;6;2010;11.8344186046512
9;6;2011;11.8804134366925
9;6;2012;11.917661498708
9;6;2013;11.9484625322997
9;6;2014;11.9540826873385
9;6;2015;11.9590310077519
9;6;2016;11.9915891472868
9;6;2017;12.0036304909561
9;6;2018;12.0341472868217
9;6;2019;12.0077260981912
9;6;2020;12.061511627907
9;6;2021;12.1143410852713
10;1;1990;11.0886758874529
10;1;1991;11.0585044668238
10;1;1992;11.0870770628033
10;1;1993;11.0011666282202
10;1;1994;11.0015157997344
10;1;1995;11.0508024133289
10;1;1996;11.0493059189839
10;1;1997;11.0350611431448
10;1;1998;11.068305512502
10;1;1999;11.1104653711252
10;1;2000;11.1255769852653
10;1;2001;11.1815871930428
10;1;2002;11.1644634352123
10;1;2003;11.1849018828719
10;1;2004;11.196711493096
10;1;2005;11.2201365612732
10;1;2006;11.3404446907932
10;1;2007;11.4031750906762
10;1;2008;11.4264779198031
10;1;2009;11.4339883051266
10;1;2010;11.4919844204151
10;1;2011;11.5475483966789
10;1;2012;11.5921026193077
10;1;2013;11.6309759461333
10;1;2014;11.6438797473966
10;1;2015;11.6590739053121
10;1;2016;11.6989068482995
10;1;2017;11.7175673595936
10;1;2018;11.7624895182313
10;1;2019;11.7458379933536
10;1;2020;11.8105659561592
10;1;2021;11.8747626329492
10;2;1990;11.0577443279808
10;2;1991;11.0268621209437
10;2;1992;11.0547458328418
10;2;1993;10.9681349630098
10;2;1994;10.9679658530698
10;2;1995;11.0165074802702
10;2;1996;11.0150039982734
10;2;1997;11.0006383657384
10;2;1998;11.0334796837551
10;2;1999;11.0746807213009
10;2;2000;11.0895993888309
10;2;2001;11.1460135845242
10;2;2002;11.129634206504
10;2;2003;11.1513276237856
10;2;2004;11.1637039065917
10;2;2005;11.1885125374009
10;2;2006;11.3100027934582
10;2;2007;11.3737823593644
10;2;2008;11.3978361483973
10;2;2009;11.406460141498
10;2;2010;11.4647502205718
10;2;2011;11.5215556314248
10;2;2012;11.5673249397852
10;2;2013;11.6076818215187
10;2;2014;11.6218325640112
10;2;2015;11.6375459413558
10;2;2016;11.6785072760328
10;2;2017;11.6980388993281
10;2;2018;11.7442168987753
10;2;2019;11.7294404899779
10;2;2020;11.7955795278126
10;2;2021;11.8611469201287
10;4;1990;11.0489408802352
10;4;1991;11.0179301643274
10;4;1992;11.0456372450309
10;4;1993;10.9583367016018
10;4;1994;10.9573253726859
10;4;1995;11.005657606013
10;4;1996;11.0045399259613
10;4;1997;10.9907935401741
10;4;1998;11.0246796238808
10;4;1999;11.0672643770716
10;4;2000;11.0832860602424
10;4;2001;11.1409719650344
10;4;2002;11.1250805157747
10;4;2003;11.1470834695958
10;4;2004;11.1599303818103
10;4;2005;11.1846516762561
10;4;2006;11.3065283220592
10;4;2007;11.3714341874612
10;4;2008;11.3965405581932
10;4;2009;11.4061680274846
10;4;2010;11.4659107624712
10;4;2011;11.5235576339468
10;4;2012;11.5707015691271
10;4;2013;11.6118119462475
10;4;2014;11.6268982732794
10;4;2015;11.6437756326256
10;4;2016;11.6861344448718
10;4;2017;11.7064842252735
10;4;2018;11.7539967039268
10;4;2019;11.7400141733169
10;4;2020;11.8072707826892
10;4;2021;11.8733378113262
10;6;1990;11.0366515831523
10;6;1991;11.0057303921145
10;6;1992;11.033784613906
10;6;1993;10.947010565185
10;6;1994;10.9459989093597
10;6;1995;10.9944112467865
10;6;1996;10.9931313666009
10;6;1997;10.9793661823346
10;6;1998;11.012918749062
10;6;1999;11.0546897472215
10;6;2000;11.0700501807949
10;6;2001;11.1270210556271
10;6;2002;11.1103727509147
10;6;2003;11.1315982238581
10;6;2004;11.1440234545344
10;6;2005;11.1678682164068
10;6;2006;11.2880582149978
10;6;2007;11.352078494947
10;6;2008;11.3764972480692
10;6;2009;11.3852882547296
10;6;2010;11.4448000070202
10;6;2011;11.50193406806
10;6;2012;11.5478814003405
10;6;2013;11.5877226902713
10;6;2014;11.601926488806
10;6;2015;11.6178293799988
10;6;2016;11.6593749979403
10;6;2017;11.6792889689946
10;6;2018;11.7258639644415
10;6;2019;11.7109662777343
10;6;2020;11.7772894069083
10;6;2021;11.8430925785963
10;7;1990;10.7955555555556
10;7;1991;10.75
10;7;1992;10.7616666666667
10;7;1993;10.6677777777778
10;7;1994;10.66
10;7;1995;10.6972222222222
10;7;1996;10.6888888888889
10;7;1997;10.6694444444444
10;7;1998;10.6911111111111
10;7;1999;10.7172222222222
10;7;2000;10.7266666666667
10;7;2001;10.7761111111111
10;7;2002;10.7572222222222
10;7;2003;10.7816666666667
10;7;2004;10.7911111111111
10;7;2005;10.8155555555556
10;7;2006;10.935
10;7;2007;10.9955555555556
10;7;2008;11.0127777777778
10;7;2009;11.02
10;7;2010;11.0711111111111
10;7;2011;11.13
10;7;2012;11.1705555555556
10;7;2013;11.2044444444444
10;7;2014;11.2172222222222
10;7;2015;11.2255555555556
10;7;2016;11.2611111111111
10;7;2017;11.2788888888889
10;7;2018;11.3261111111111
10;7;2019;11.3144444444444
10;7;2020;11.3783333333333
10;7;2021;11.4438888888889
11;1;1990;10.5582494035755
11;1;1991;10.5181648410052
11;1;1992;10.5376551826784
11;1;1993;10.4534043563477
11;1;1994;10.4463967179181
11;1;1995;10.4848348083054
11;1;1996;10.4857125228067
11;1;1997;10.4733208229528
11;1;1998;10.5110020565687
11;1;1999;10.5381974460402
11;1;2000;10.5531938997885
11;1;2001;10.6107825939433
11;1;2002;10.5973777235514
11;1;2003;10.6305454045487
11;1;2004;10.6339369366827
11;1;2005;10.6680557818877
11;1;2006;10.783047716805
11;1;2007;10.8455639097474
11;1;2008;10.85469764375
11;1;2009;10.8620433885878
11;1;2010;10.9054896289519
11;1;2011;10.9645213893825
11;1;2012;11.0076822737715
11;1;2013;11.0525296060108
11;1;2014;11.0626516461296
11;1;2015;11.078294852973
11;1;2016;11.1234526259507
11;1;2017;11.1319314893922
11;1;2018;11.1758694461001
11;1;2019;11.1599168602045
11;1;2020;11.2240150512854
11;1;2021;11.2885115285423
11;2;1990;10.4743338788191
11;2;1991;10.4336589165699
11;2;1992;10.4530123953576
11;2;1993;10.3684778425867
11;2;1994;10.3604098670851
11;2;1995;10.3984095455337
11;2;1996;10.3991384025994
11;2;1997;10.3866503185467
11;2;1998;10.4244937435952
11;2;1999;10.4516197372837
11;2;2000;10.4662653026817
11;2;2001;10.5239601387656
11;2;2002;10.5108503462901
11;2;2003;10.5444895229415
11;2;2004;10.5471968489317
11;2;2005;10.5813308109432
11;2;2006;10.6958024323227
11;2;2007;10.7579384610894
11;2;2008;10.7665916439165
11;2;2009;10.7742027828337
11;2;2010;10.8170387976757
11;2;2011;10.8756578651084
11;2;2012;10.9188562650092
11;2;2013;10.9639737447213
11;2;2014;10.9734898208178
11;2;2015;10.988824299223
11;2;2016;11.033865316635
11;2;2017;11.041297829674
11;2;2018;11.0843507677407
11;2;2019;11.067959318319
11;2;2020;11.1321062930808
11;2;2021;11.1970685484319
11;4;1990;10.4050346734675
11;4;1991;10.3629835803568
11;4;1992;10.3811787380955
11;4;1993;10.2947289312792
11;4;1994;10.2848923284155
11;4;1995;10.3212106102204
11;4;1996;10.3201089232013
11;4;1997;10.306402342768
11;4;1998;10.3432726109089
11;4;1999;10.3680979265142
11;4;2000;10.3808495412453
11;4;2001;10.4366375460136
11;4;2002;10.4211410636287
11;4;2003;10.4543177967311
11;4;2004;10.4554720251493
11;4;2005;10.4892988563551
11;4;2006;10.6019201116984
11;4;2007;10.6626855989382
11;4;2008;10.6696417972133
11;4;2009;10.6760162679241
11;4;2010;10.7184853597975
11;4;2011;10.776811733845
11;4;2012;10.8192375979592
11;4;2013;10.8635489630244
11;4;2014;10.8715216585117
11;4;2015;10.8862143943389
11;4;2016;10.9319004319217
11;4;2017;10.9382590211162
11;4;2018;10.9802909394957
11;4;2019;10.9632348972805
11;4;2020;11.0271226377821
11;4;2021;11.0912167520938
11;6;1990;10.3347042292342
11;6;1991;10.2906385198762
11;6;1992;10.3066045263278
11;6;1993;10.219413815239
11;6;1994;10.2087513573409
11;6;1995;10.2427881717077
11;6;1996;10.2397801024685
11;6;1997;10.2251570305696
11;6;1998;10.2609644028027
11;6;1999;10.2827249707163
11;6;2000;10.2935162923912
11;6;2001;10.3475139175513
11;6;2002;10.3308365646826
11;6;2003;10.3634301910508
11;6;2004;10.3628244454393
11;6;2005;10.3968900448263
11;6;2006;10.5071960751452
11;6;2007;10.5672387950029
11;6;2008;10.5718722429778
11;6;2009;10.5771275973169
11;6;2010;10.6171685103353
11;6;2011;10.6753783966277
11;6;2012;10.7159586070308
11;6;2013;10.7589333725031
11;6;2014;10.7653313420762
11;6;2015;10.7789109103947
11;6;2016;10.8238947116528
11;6;2017;10.8278224186862
11;6;2018;10.8683721019091
11;6;2019;10.8501220187122
11;6;2020;10.9120989943849
11;6;2021;10.9748783773011
11;7;1990;10.7169444444444
11;7;1991;10.6800925925926
11;7;1992;10.7019444444444
11;7;1993;10.6215740740741
11;7;1994;10.6180555555556
11;7;1995;10.660462962963
11;7;1996;10.6640740740741
11;7;1997;10.6536111111111
11;7;1998;10.692962962963
11;7;1999;10.7237037037037
11;7;2000;10.7417592592593
11;7;2001;10.802037037037
11;7;2002;10.7927777777778
11;7;2003;10.8266666666667
11;7;2004;10.8326851851852
11;7;2005;10.865462962963
11;7;2006;10.982962962963
11;7;2007;11.0457407407407
11;7;2008;11.0565740740741
11;7;2009;11.0667592592593
11;7;2010;11.112037037037
11;7;2011;11.1708333333333
11;7;2012;11.2159259259259
11;7;2013;11.2632407407407
11;7;2014;11.2756481481481
11;7;2015;11.2918518518519
11;7;2016;11.3363888888889
11;7;2017;11.3482407407407
11;7;2018;11.3943518518518
11;7;2019;11.3800925925926
11;7;2020;11.4465740740741
11;7;2021;11.5151851851852
12;1;1990;10.5593272851403
12;1;1991;10.527354809977
12;1;1992;10.5550217029693
12;1;1993;10.4693662344547
12;1;1994;10.4607273032267
12;1;1995;10.5067294965388
12;1;1996;10.5045193267272
12;1;1997;10.4883421280082
12;1;1998;10.5288874467915
12;1;1999;10.571203087936
12;1;2000;10.586810607293
12;1;2001;10.6484177947912
12;1;2002;10.6286084143691
12;1;2003;10.6632305856256
12;1;2004;10.6682903897987
12;1;2005;10.6969068426588
12;1;2006;10.8162286831218
12;1;2007;10.8751950638032
12;1;2008;10.893568822717
12;1;2009;10.9032776695284
12;1;2010;10.957749215321
12;1;2011;11.0060091093426
12;1;2012;11.055750734653
12;1;2013;11.0956988535749
12;1;2014;11.1003215707005
12;1;2015;11.1163692287806
12;1;2016;11.1638857509055
12;1;2017;11.172573510375
12;1;2018;11.212080218752
12;1;2019;11.1876380111499
12;1;2020;11.2570314527084
12;1;2021;11.3199933847627
12;2;1990;10.4025823114254
12;2;1991;10.3691261511271
12;2;1992;10.3955834328848
12;2;1993;10.3081094836607
12;2;1994;10.2983193373681
12;2;1995;10.3423155835093
12;2;1996;10.339620103184
12;2;1997;10.3222300323462
12;2;1998;10.3635620446213
12;2;1999;10.4037783480033
12;2;2000;10.4185311685418
12;2;2001;10.4783769570107
12;2;2002;10.4567423911757
12;2;2003;10.4911910651046
12;2;2004;10.4941168383584
12;2;2005;10.5232313873807
12;2;2006;10.6403151227931
12;2;2007;10.6977487786628
12;2;2008;10.714001849704
12;2;2009;10.7231773094761
12;2;2010;10.7771398019021
12;2;2011;10.8254543692295
12;2;2012;10.875067002386
12;2;2013;10.9153002474013
12;2;2014;10.9188132802799
12;2;2015;10.9348547369033
12;2;2016;10.9840879118426
12;2;2017;10.9917353133407
12;2;2018;11.0312335641052
12;2;2019;11.0060056153325
12;2;2020;11.0752402763221
12;2;2021;11.1373059512914
12;4;1990;10.3074779041875
12;4;1991;10.2734699053362
12;4;1992;10.2989265695367
12;4;1993;10.2105398437501
12;4;1994;10.1997012135802
12;4;1995;10.242045574744
12;4;1996;10.2381518489944
12;4;1997;10.2191402798783
12;4;1998;10.2602487447669
12;4;1999;10.2983853642379
12;4;2000;10.3112416720359
12;4;2001;10.3689282833048
12;4;2002;10.3450486627019
12;4;2003;10.3789172950232
12;4;2004;10.3796953584162
12;4;2005;10.4082197687006
12;4;2006;10.5230165896659
12;4;2007;10.578645942278
12;4;2008;10.5927717637576
12;4;2009;10.6011192072396
12;4;2010;10.6541041280448
12;4;2011;10.7014619648811
12;4;2012;10.7499417334198
12;4;2013;10.7891172482419
12;4;2014;10.7905481163144
12;4;2015;10.8054550637471
12;4;2016;10.8548451666025
12;4;2017;10.8604221265934
12;4;2018;10.8981245560861
12;4;2019;10.8710377287568
12;4;2020;10.9394485771686
12;4;2021;11.000549857719
12;6;1990;10.2877359505173
12;6;1991;10.2545314138423
12;6;1992;10.2799220872207
12;6;1993;10.1909750024862
12;6;1994;10.1795855628198
12;6;1995;10.2211334909923
12;6;1996;10.2161839044892
12;6;1997;10.1957345610129
12;6;1998;10.2369921466184
12;6;1999;10.2743860029634
12;6;2000;10.2869055055006
12;6;2001;10.3432105141118
12;6;2002;10.3172925706495
12;6;2003;10.3501628804483
12;6;2004;10.3499381581633
12;6;2005;10.3779285377215
12;6;2006;10.4914189121156
12;6;2007;10.5456156519575
12;6;2008;10.5590083689486
12;6;2009;10.5666455576091
12;6;2010;10.6191866497149
12;6;2011;10.6652108216937
12;6;2012;10.7130131153268
12;6;2013;10.7512504805992
12;6;2014;10.7512700063682
12;6;2015;10.7657525196023
12;6;2016;10.8151370583175
12;6;2017;10.8196972289474
12;6;2018;10.8567419782462
12;6;2019;10.8282429535938
12;6;2020;10.8958398811526
12;6;2021;10.9552715380714
12;7;1990;10.1119047619048
12;7;1991;10.0733333333333
12;7;1992;10.0946825396825
12;7;1993;10.0010317460317
12;7;1994;9.98603174603175
12;7;1995;10.0224603174603
12;7;1996;10.0156349206349
12;7;1997;9.99253968253968
12;7;1998;10.0338888888889
12;7;1999;10.067619047619
12;7;2000;10.0779365079365
12;7;2001;10.1309523809524
12;7;2002;10.1022222222222
12;7;2003;10.1342857142857
12;7;2004;10.1290476190476
12;7;2005;10.1547619047619
12;7;2006;10.2623015873016
12;7;2007;10.3122222222222
12;7;2008;10.3209523809524
12;7;2009;10.3242063492063
12;7;2010;10.3746825396825
12;7;2011;10.4197619047619
12;7;2012;10.468253968254
12;7;2013;10.5071428571429
12;7;2014;10.5073015873016
12;7;2015;10.5225396825397
12;7;2016;10.5752380952381
12;7;2017;10.579126984127
12;7;2018;10.6164285714286
12;7;2019;10.5873015873016
12;7;2020;10.6552380952381
12;7;2021;10.7130952380952
13;1;1990;10.6734788869487
13;1;1991;10.6377302487853
13;1;1992;10.6594538451489
13;1;1993;10.5813032877391
13;1;1994;10.5799846012333
13;1;1995;10.6194767555939
13;1;1996;10.6164723376955
13;1;1997;10.6083474611657
13;1;1998;10.6381237229857
13;1;1999;10.6653114574501
13;1;2000;10.6773062761152
13;1;2001;10.7253940056577
13;1;2002;10.7118754107465
13;1;2003;10.7366657524505
13;1;2004;10.7418248680257
13;1;2005;10.7635394805531
13;1;2006;10.8769235335657
13;1;2007;10.934042806473
13;1;2008;10.9461843898139
13;1;2009;10.9501915886801
13;1;2010;10.9899958265429
13;1;2011;11.049147710567
13;1;2012;11.0827303619046
13;1;2013;11.1187642669504
13;1;2014;11.1329159184131
13;1;2015;11.1404791608752
13;1;2016;11.1708433661908
13;1;2017;11.1834045156015
13;1;2018;11.2260038113808
13;1;2019;11.2122350861926
13;1;2020;11.2685495411429
13;1;2021;11.3308868832377
13;2;1990;10.5340371821377
13;2;1991;10.4972483239973
13;2;1992;10.5185969572827
13;2;1993;10.4399475853135
13;2;1994;10.437382266683
13;2;1995;10.4754705440733
13;2;1996;10.4723977920224
13;2;1997;10.4644474799635
13;2;1998;10.4950282898991
13;2;1999;10.5199988593985
13;2;2000;10.5315050964484
13;2;2001;10.5789040327065
13;2;2002;10.5660310535522
13;2;2003;10.5928616486835
13;2;2004;10.59761210333
13;2;2005;10.6207831223422
13;2;2006;10.7334083345189
13;2;2007;10.7900035436106
13;2;2008;10.8020158421613
13;2;2009;10.8048393467836
13;2;2010;10.8424160799777
13;2;2011;10.9010584884211
13;2;2012;10.9344813603311
13;2;2013;10.9710648169861
13;2;2014;10.9840955314775
13;2;2015;10.9900027695334
13;2;2016;11.0191021954822
13;2;2017;11.0307509656984
13;2;2018;11.0721692314493
13;2;2019;11.0590407210428
13;2;2020;11.114201307059
13;2;2021;11.1766105065502
13;4;1990;10.4294536072658
13;4;1991;10.3925168585674
13;4;1992;10.4144919518919
13;4;1993;10.3365269331671
13;4;1994;10.3336193671015
13;4;1995;10.3709508323178
13;4;1996;10.3697345001008
13;4;1997;10.3628581126614
13;4;1998;10.3955247805106
13;4;1999;10.4194499497642
13;4;2000;10.4308872855776
13;4;2001;10.4779994754155
13;4;2002;10.4656860250677
13;4;2003;10.4944913378467
13;4;2004;10.4980573023409
13;4;2005;10.5227291008292
13;4;2006;10.6342279693496
13;4;2007;10.6904880492572
13;4;2008;10.701018204549
13;4;2009;10.702154247311
13;4;2010;10.7365331143022
13;4;2011;10.7944789972208
13;4;2012;10.8265957286815
13;4;2013;10.8631540142324
13;4;2014;10.8741987970403
13;4;2015;10.8785602299336
13;4;2016;10.9056941333714
13;4;2017;10.9150500709226
13;4;2018;10.9542016583667
13;4;2019;10.9403233497528
13;4;2020;10.9932162080801
13;4;2021;11.054263543997
13;6;1990;10.4007906268127
13;6;1991;10.3646685596963
13;6;1992;10.387973020802
13;6;1993;10.3117516141049
13;6;1994;10.3101670976392
13;6;1995;10.3487741543233
13;6;1996;10.3484576419678
13;6;1997;10.3428546431734
13;6;1998;10.3762135140653
13;6;1999;10.4006527034829
13;6;2000;10.4122118729564
13;6;2001;10.4592556988237
13;6;2002;10.4488172545466
13;6;2003;10.479203206741
13;6;2004;10.4833422612005
13;6;2005;10.5083484415824
13;6;2006;10.6204894441168
13;6;2007;10.6768611585941
13;6;2008;10.6875809464486
13;6;2009;10.6893094059431
13;6;2010;10.7236001577954
13;6;2011;10.7818859319963
13;6;2012;10.8141668265414
13;6;2013;10.8518671250698
13;6;2014;10.8637089735063
13;6;2015;10.8681036250934
13;6;2016;10.8952403226277
13;6;2017;10.9045716901213
13;6;2018;10.9438346963297
13;6;2019;10.9303101855929
13;6;2020;10.9834133448042
13;6;2021;11.044729060234
13;7;1990;10.3472222222222
13;7;1991;10.3086111111111
13;7;1992;10.3285185185185
13;7;1993;10.2476851851852
13;7;1994;10.2422222222222
13;7;1995;10.2775925925926
13;7;1996;10.2742592592593
13;7;1997;10.2669444444444
13;7;1998;10.2994444444444
13;7;1999;10.3218518518519
13;7;2000;10.3317592592593
13;7;2001;10.3769444444444
13;7;2002;10.3627777777778
13;7;2003;10.3898148148148
13;7;2004;10.3909259259259
13;7;2005;10.4130555555556
13;7;2006;10.5218518518519
13;7;2007;10.5759259259259
13;7;2008;10.5862037037037
13;7;2009;10.5860185185185
13;7;2010;10.6189814814815
13;7;2011;10.6757407407407
13;7;2012;10.7083333333333
13;7;2013;10.745
13;7;2014;10.7552777777778
13;7;2015;10.7583333333333
13;7;2016;10.7839814814815
13;7;2017;10.7931481481482
13;7;2018;10.8313888888889
13;7;2019;10.8161111111111
13;7;2020;10.8664814814815
13;7;2021;10.9275925925926
14;1;1990;10.4986879672363
14;1;1991;10.4597674603614
14;1;1992;10.4787446074597
14;1;1993;10.4031267304371
14;1;1994;10.3983226574063
14;1;1995;10.4297488300218
14;1;1996;10.4196958333622
14;1;1997;10.4183220142154
14;1;1998;10.4456356437706
14;1;1999;10.4539789788339
14;1;2000;10.4644244030663
14;1;2001;10.5112670965304
14;1;2002;10.509614396753
14;1;2003;10.5438293329378
14;1;2004;10.556652191513
14;1;2005;10.5849792603308
14;1;2006;10.6928216086505
14;1;2007;10.7460855950657
14;1;2008;10.7612990987564
14;1;2009;10.7661221719103
14;1;2010;10.7932032184576
14;1;2011;10.8589602238376
14;1;2012;10.8855418557938
14;1;2013;10.9266958227215
14;1;2014;10.9427318863957
14;1;2015;10.9469857036001
14;1;2016;10.975802269292
14;1;2017;10.9868776340507
14;1;2018;11.0269000904365
14;1;2019;11.0230420778733
14;1;2020;11.0720032059462
14;1;2021;11.1333174926037
14;2;1990;10.4861883047808
14;2;1991;10.4466626155289
14;2;1992;10.4651483153781
14;2;1993;10.3882759548196
14;2;1994;10.3829032229551
14;2;1995;10.4138224839991
14;2;1996;10.4031549700645
14;2;1997;10.4014210253702
14;2;1998;10.4277430412782
14;2;1999;10.4358223955454
14;2;2000;10.4459084072089
14;2;2001;10.4926590319743
14;2;2002;10.4897887544899
14;2;2003;10.5232181558651
14;2;2004;10.5351873355035
14;2;2005;10.5629840176439
14;2;2006;10.6704376339504
14;2;2007;10.7234255134841
14;2;2008;10.738518261922
14;2;2009;10.7439361933705
14;2;2010;10.7711754806573
14;2;2011;10.8369380670959
14;2;2012;10.8639594711327
14;2;2013;10.9050071015358
14;2;2014;10.9206845517146
14;2;2015;10.9242026639397
14;2;2016;10.9530107176057
14;2;2017;10.9641649676835
14;2;2018;11.0045646762658
14;2;2019;11.0017324280281
14;2;2020;11.0518849638603
14;2;2021;11.1147819243806
14;4;1990;10.4534392506088
14;4;1991;10.4134418226971
14;4;1992;10.4317772050306
14;4;1993;10.354132059992
14;4;1994;10.3481827913242
14;4;1995;10.3787771957271
14;4;1996;10.3674636631655
14;4;1997;10.3645987265103
14;4;1998;10.3910665423954
14;4;1999;10.3992797677111
14;4;2000;10.4093446990485
14;4;2001;10.4559857397165
14;4;2002;10.4522974906795
14;4;2003;10.4865294405759
14;4;2004;10.4981192813924
14;4;2005;10.5260985799672
14;4;2006;10.6334709607326
14;4;2007;10.6860574373481
14;4;2008;10.7001288484785
14;4;2009;10.7041462611914
14;4;2010;10.7313530351115
14;4;2011;10.7956891910608
14;4;2012;10.8228803701415
14;4;2013;10.8629316538694
14;4;2014;10.8776082994451
14;4;2015;10.8802022429107
14;4;2016;10.9082108628606
14;4;2017;10.9184735100694
14;4;2018;10.95824538723
14;4;2019;10.9552197081753
14;4;2020;11.0054430915835
14;4;2021;11.0685214456701
14;6;1990;10.4376116460998
14;6;1991;10.3974680349111
14;6;1992;10.41554047061
14;6;1993;10.3382559850411
14;6;1994;10.3327169293709
14;6;1995;10.3636087678793
14;6;1996;10.3528176153725
14;6;1997;10.3501822716181
14;6;1998;10.3766019039998
14;6;1999;10.3851073838927
14;6;2000;10.3953564149922
14;6;2001;10.4423440145925
14;6;2002;10.4391020360822
14;6;2003;10.4741711187803
14;6;2004;10.486019845492
14;6;2005;10.515024987985
14;6;2006;10.6232444439995
14;6;2007;10.6763402590221
14;6;2008;10.6905154183905
14;6;2009;10.6948439006947
14;6;2010;10.722685587083
14;6;2011;10.7870638522022
14;6;2012;10.8146348029257
14;6;2013;10.855116959621
14;6;2014;10.8698254090066
14;6;2015;10.8727341293525
14;6;2016;10.9008485257888
14;6;2017;10.9111141650165
14;6;2018;10.9509914475257
14;6;2019;10.9485478208211
14;6;2020;10.9991287054567
14;6;2021;11.0621045400832
14;7;1990;10.3326445249338
14;7;1991;10.2915476885913
14;7;1992;10.3096874076719
14;7;1993;10.2333745832596
14;7;1994;10.2280337335551
14;7;1995;10.2595016003065
14;7;1996;10.2495937167994
14;7;1997;10.2463557433641
14;7;1998;10.2740012015682
14;7;1999;10.2846018347769
14;7;2000;10.2953876531709
14;7;2001;10.3427152765968
14;7;2002;10.3401372887921
14;7;2003;10.3786561373299
14;7;2004;10.3909918787333
14;7;2005;10.4230863259349
14;7;2006;10.5335312946243
14;7;2007;10.5886198376928
14;7;2008;10.602073818127
14;7;2009;10.6054376432549
14;7;2010;10.6346978736428
14;7;2011;10.6984353125461
14;7;2012;10.7271581466616
14;7;2013;10.7680824603496
14;7;2014;10.781958705637
14;7;2015;10.7853676084181
14;7;2016;10.8127416106451
14;7;2017;10.8221536210377
14;7;2018;10.861412880297
14;7;2019;10.8597157218358
14;7;2020;10.9112062734943
14;7;2021;10.9739350701751
15;1;1990;10.7970467836257
15;1;1991;10.761418128655
15;1;1992;10.780701754386
15;1;1993;10.7151169590643
15;1;1994;10.7160964912281
15;1;1995;10.751432748538
15;1;1996;10.7448099415205
15;1;1997;10.7493859649123
15;1;1998;10.7773830409357
15;1;1999;10.7927339181287
15;1;2000;10.803918128655
15;1;2001;10.8478947368421
15;1;2002;10.8554093567251
15;1;2003;10.8811403508772
15;1;2004;10.8941666666667
15;1;2005;10.9203947368421
15;1;2006;11.0263742690058
15;1;2007;11.0829385964912
15;1;2008;11.103918128655
15;1;2009;11.1145175438596
15;1;2010;11.1397807017544
15;1;2011;11.2153947368421
15;1;2012;11.2416081871345
15;1;2013;11.2898391812865
15;1;2014;11.3115497076023
15;1;2015;11.3290058479532
15;1;2016;11.3640204678363
15;1;2017;11.3836988304094
15;1;2018;11.4283187134503
15;1;2019;11.421418128655
15;1;2020;11.4675877192982
15;1;2021;11.5223976608187
15;2;1990;10.692905982906
15;2;1991;10.6551495726496
15;2;1992;10.6735085470085
15;2;1993;10.6092521367521
15;2;1994;10.6092051282051
15;2;1995;10.6447820512821
15;2;1996;10.6388034188034
15;2;1997;10.6418547008547
15;2;1998;10.6704786324786
15;2;1999;10.6860213675214
15;2;2000;10.6975512820513
15;2;2001;10.7416239316239
15;2;2002;10.7473205128205
15;2;2003;10.7720854700855
15;2;2004;10.7837735042735
15;2;2005;10.8118376068376
15;2;2006;10.9177692307692
15;2;2007;10.9749401709402
15;2;2008;10.9923888888889
15;2;2009;11.0016068376068
15;2;2010;11.0264658119658
15;2;2011;11.1005512820513
15;2;2012;11.1264914529915
15;2;2013;11.1746282051282
15;2;2014;11.1944615384615
15;2;2015;11.2115555555556
15;2;2016;11.2445
15;2;2017;11.2614658119658
15;2;2018;11.3047179487179
15;2;2019;11.2986666666667
15;2;2020;11.346452991453
15;2;2021;11.4013162393162
15;4;1990;10.7126914778857
15;4;1991;10.6759223300971
15;4;1992;10.6949676375405
15;4;1993;10.6296817691478
15;4;1994;10.6302319309601
15;4;1995;10.6659115426106
15;4;1996;10.6596601941748
15;4;1997;10.6631121898598
15;4;1998;10.6917745415318
15;4;1999;10.7065318230852
15;4;2000;10.7177022653722
15;4;2001;10.7622330097087
15;4;2002;10.7679611650485
15;4;2003;10.7936245954693
15;4;2004;10.8058845738943
15;4;2005;10.8328263214671
15;4;2006;10.9382524271845
15;4;2007;10.9940992448759
15;4;2008;11.0121952535059
15;4;2009;11.0221574973031
15;4;2010;11.04690399137
15;4;2011;11.1211111111111
15;4;2012;11.1470442286947
15;4;2013;11.195355987055
15;4;2014;11.2161218985976
15;4;2015;11.2322707659115
15;4;2016;11.2657011866235
15;4;2017;11.2833926645092
15;4;2018;11.3270064724919
15;4;2019;11.3203398058252
15;4;2020;11.3668716289105
15;4;2021;11.4223354908306
15;6;1990;10.7077398989899
15;6;1991;10.6709659090909
15;6;1992;10.6899431818182
15;6;1993;10.6243939393939
15;6;1994;10.6248737373737
15;6;1995;10.6608712121212
15;6;1996;10.6557070707071
15;6;1997;10.660101010101
15;6;1998;10.6898484848485
15;6;1999;10.7046590909091
15;6;2000;10.7166161616162
15;6;2001;10.7622095959596
15;6;2002;10.7680429292929
15;6;2003;10.7946212121212
15;6;2004;10.8069886363636
15;6;2005;10.8344949494949
15;6;2006;10.9403914141414
15;6;2007;10.9966856060606
15;6;2008;11.0150505050505
15;6;2009;11.025523989899
15;6;2010;11.051148989899
15;6;2011;11.1258901515152
15;6;2012;11.1525378787879
15;6;2013;11.2015277777778
15;6;2014;11.2226073232323
15;6;2015;11.238529040404
15;6;2016;11.2722285353535
15;6;2017;11.29
15;6;2018;11.3339898989899
15;6;2019;11.3274810606061
15;6;2020;11.3740467171717
15;6;2021;11.4297095959596
15;7;1990;10.7213888888889
15;7;1991;10.6861111111111
15;7;1992;10.7052777777778
15;7;1993;10.6416666666667
15;7;1994;10.6444444444444
15;7;1995;10.6802777777778
15;7;1996;10.6733333333333
15;7;1997;10.6766666666667
15;7;1998;10.7041666666667
15;7;1999;10.7213888888889
15;7;2000;10.7308333333333
15;7;2001;10.7730555555556
15;7;2002;10.7808333333333
15;7;2003;10.8097222222222
15;7;2004;10.8236111111111
15;7;2005;10.8502777777778
15;7;2006;10.9538888888889
15;7;2007;11.0080555555556
15;7;2008;11.0252777777778
15;7;2009;11.0330555555556
15;7;2010;11.0561111111111
15;7;2011;11.1302777777778
15;7;2012;11.1558333333333
15;7;2013;11.205
15;7;2014;11.2244444444444
15;7;2015;11.2411111111111
15;7;2016;11.2761111111111
15;7;2017;11.2938888888889
15;7;2018;11.3380555555556
15;7;2019;11.3302777777778
15;7;2020;11.3736111111111
15;7;2021;11.4288888888889
16;1;1990;10.1927450980392
16;1;1991;10.1553921568627
16;1;1992;10.1757516339869
16;1;1993;10.1090522875817
16;1;1994;10.1084640522876
16;1;1995;10.1517320261438
16;1;1996;10.1473202614379
16;1;1997;10.1474836601307
16;1;1998;10.1804575163399
16;1;1999;10.1956535947712
16;1;2000;10.2089215686275
16;1;2001;10.2533660130719
16;1;2002;10.2448039215686
16;1;2003;10.2653594771242
16;1;2004;10.2740522875817
16;1;2005;10.304477124183
16;1;2006;10.4092483660131
16;1;2007;10.4619281045752
16;1;2008;10.4683986928105
16;1;2009;10.4699346405229
16;1;2010;10.4976470588235
16;1;2011;10.5638235294118
16;1;2012;10.5908169934641
16;1;2013;10.6321568627451
16;1;2014;10.6452614379085
16;1;2015;10.6569934640523
16;1;2016;10.6807189542484
16;1;2017;10.687614379085
16;1;2018;10.7232679738562
16;1;2019;10.7113725490196
16;1;2020;10.7579411764706
16;1;2021;10.8083006535948
16;2;1990;10.1468215512953
16;2;1991;10.109412879075
16;2;1992;10.1303176051448
16;2;1993;10.0611549372075
16;2;1994;10.0594434531154
16;2;1995;10.1029801213703
16;2;1996;10.1014795610773
16;2;1997;10.1021021020587
16;2;1998;10.1370071112874
16;2;1999;10.1520951846567
16;2;2000;10.1660714025959
16;2;2001;10.2108937672191
16;2;2002;10.1995383710431
16;2;2003;10.2205513684198
16;2;2004;10.2263053115579
16;2;2005;10.2562176467698
16;2;2006;10.3594135505506
16;2;2007;10.4116457402944
16;2;2008;10.4155170727842
16;2;2009;10.4153110963241
16;2;2010;10.4418280601159
16;2;2011;10.5058965544445
16;2;2012;10.5320390567585
16;2;2013;10.5731497592884
16;2;2014;10.5837080292258
16;2;2015;10.5914219445409
16;2;2016;10.6128114463017
16;2;2017;10.6171847023003
16;2;2018;10.6509047704337
16;2;2019;10.6372632167293
16;2;2020;10.6805992644446
16;2;2021;10.7289325977779
16;4;1990;10.1286596627613
16;4;1991;10.0909836116943
16;4;1992;10.1128987014258
16;4;1993;10.0430879952836
16;4;1994;10.0415474241993
16;4;1995;10.0846308929685
16;4;1996;10.0863063274437
16;4;1997;10.0871220479493
16;4;1998;10.1236503207503
16;4;1999;10.1392451254908
16;4;2000;10.1524253212621
16;4;2001;10.1966816579185
16;4;2002;10.184772963856
16;4;2003;10.20891543987
16;4;2004;10.2120104406338
16;4;2005;10.2411221976461
16;4;2006;10.3432125582887
16;4;2007;10.3945161472248
16;4;2008;10.3956704122377
16;4;2009;10.3941356526897
16;4;2010;10.4196893014258
16;4;2011;10.4817495271995
16;4;2012;10.5075851277271
16;4;2013;10.5487373948426
16;4;2014;10.5569106385468
16;4;2015;10.5609013452244
16;4;2016;10.5797558202854
16;4;2017;10.5820810008272
16;4;2018;10.6138812715414
16;4;2019;10.5993413317036
16;4;2020;10.6407610168047
16;4;2021;10.6885469327194
16;6;1990;10.1372802416992
16;6;1991;10.0997273495082
16;6;1992;10.1218714759733
16;6;1993;10.0526727072756
16;6;1994;10.051485967305
16;6;1995;10.0944504632602
16;6;1996;10.0955483886356
16;6;1997;10.0963332250232
16;6;1998;10.1326060363159
16;6;1999;10.1478937361673
16;6;2000;10.1605312151175
16;6;2001;10.2046534089429
16;6;2002;10.1936900336743
16;6;2003;10.2187932785145
16;6;2004;10.2224171860596
16;6;2005;10.2515706851516
16;6;2006;10.3542537685262
16;6;2007;10.405290436844
16;6;2008;10.4067115951733
16;6;2009;10.4052169400635
16;6;2010;10.4311159438607
16;6;2011;10.4930770051122
16;6;2012;10.5188326319901
16;6;2013;10.5600708925152
16;6;2014;10.5687379375869
16;6;2015;10.5729492808262
16;6;2016;10.5921898335751
16;6;2017;10.5948301505637
16;6;2018;10.6268062895764
16;6;2019;10.6128687181715
16;6;2020;10.6546970850197
16;6;2021;10.7027852811563
16;7;1990;10.1308333333333
16;7;1991;10.0944444444444
16;7;1992;10.1166666666667
16;7;1993;10.0473611111111
16;7;1994;10.0473611111111
16;7;1995;10.0911111111111
16;7;1996;10.0943055555556
16;7;1997;10.0961111111111
16;7;1998;10.1338888888889
16;7;1999;10.1504166666667
16;7;2000;10.1633333333333
16;7;2001;10.2063888888889
16;7;2002;10.1944444444444
16;7;2003;10.2179166666667
16;7;2004;10.2190277777778
16;7;2005;10.2465277777778
16;7;2006;10.3465277777778
16;7;2007;10.3959722222222
16;7;2008;10.3959722222222
16;7;2009;10.3936111111111
16;7;2010;10.4186111111111
16;7;2011;10.48
16;7;2012;10.5056944444444
16;7;2013;10.5459722222222
16;7;2014;10.5533333333333
16;7;2015;10.5563888888889
16;7;2016;10.5738888888889
16;7;2017;10.5754166666667
16;7;2018;10.605
16;7;2019;10.5883333333333
16;7;2020;10.6275
16;7;2021;10.6723611111111
17;1;1990;9.67604485804068
17;1;1991;9.62943139539194
17;1;1992;9.6386442475717
17;1;1993;9.55922423683051
17;1;1994;9.55261047495427
17;1;1995;9.58714901408896
17;1;1996;9.59191692570703
17;1;1997;9.58103154801135
17;1;1998;9.63006871012712
17;1;1999;9.6488132860563
17;1;2000;9.67011450512843
17;1;2001;9.72626854043508
17;1;2002;9.71784539383883
17;1;2003;9.76003755065301
17;1;2004;9.76284637370416
17;1;2005;9.81248879260072
17;1;2006;9.91707861602971
17;1;2007;9.98570677572162
17;1;2008;9.99437693708102
17;1;2009;10.0043320051129
17;1;2010;10.0341630327636
17;1;2011;10.1047096204053
17;1;2012;10.1372301247883
17;1;2013;10.1843818324879
17;1;2014;10.1957262651749
17;1;2015;10.208465342236
17;1;2016;10.2482839121091
17;1;2017;10.2473633796988
17;1;2018;10.2825487630792
17;1;2019;10.2684397468832
17;1;2020;10.3167474088711
17;1;2021;10.3703466796251
17;2;1990;9.75514781404594
17;2;1991;9.70897891215009
17;2;1992;9.71888695594071
17;2;1993;9.63920285899652
17;2;1994;9.6316467755232
17;2;1995;9.6653177443789
17;2;1996;9.66755786252983
17;2;1997;9.65530701324766
17;2;1998;9.70184752157837
17;2;1999;9.71997978173906
17;2;2000;9.74078405822277
17;2;2001;9.79613814475796
17;2;2002;9.78666002814641
17;2;2003;9.82754312973266
17;2;2004;9.83035897143702
17;2;2005;9.8786544902485
17;2;2006;9.98451392308263
17;2;2007;10.0525977672929
17;2;2008;10.0618752601277
17;2;2009;10.0719600852497
17;2;2010;10.1033902756923
17;2;2011;10.1729551237575
17;2;2012;10.2059166686172
17;2;2013;10.2519014944919
17;2;2014;10.2616946935507
17;2;2015;10.2742640214176
17;2;2016;10.3130467663764
17;2;2017;10.3120364419196
17;2;2018;10.3473037015862
17;2;2019;10.3327905806115
17;2;2020;10.3810465429806
17;2;2021;10.434438097009
17;4;1990;9.60692879308999
17;4;1991;9.55762758006274
17;4;1992;9.56635122702493
17;4;1993;9.484712806034
17;4;1994;9.47584398370106
17;4;1995;9.50774163090853
17;4;1996;9.50990847061663
17;4;1997;9.49729695759759
17;4;1998;9.54755121273628
17;4;1999;9.56729518949013
17;4;2000;9.58786481643641
17;4;2001;9.64489144867267
17;4;2002;9.6352927838235
17;4;2003;9.6780414686441
17;4;2004;9.67971962007665
17;4;2005;9.73031796009497
17;4;2006;9.83501228019979
17;4;2007;9.90419242203677
17;4;2008;9.91426960856897
17;4;2009;9.92592335698868
17;4;2010;9.95791783503331
17;4;2011;10.027867094837
17;4;2012;10.0617545000822
17;4;2013;10.1090080122033
17;4;2014;10.1185509579801
17;4;2015;10.1312643463606
17;4;2016;10.1732422472861
17;4;2017;10.1704110678459
17;4;2018;10.2052907494868
17;4;2019;10.1902183281304
17;4;2020;10.2409016566745
17;4;2021;10.2953380804548
17;6;1990;9.63761294384781
17;6;1991;9.58857333916301
17;6;1992;9.59782740604686
17;6;1993;9.51559339713217
17;6;1994;9.50641616666771
17;6;1995;9.53805611311011
17;6;1996;9.53998348342437
17;6;1997;9.52683323903112
17;6;1998;9.57577074007696
17;6;1999;9.59544804745624
17;6;2000;9.61553485719502
17;6;2001;9.67217541701911
17;6;2002;9.66209029643977
17;6;2003;9.70399936454666
17;6;2004;9.70530642120198
17;6;2005;9.75466201369595
17;6;2006;9.85972733866805
17;6;2007;9.92830297965474
17;6;2008;9.93776153837207
17;6;2009;9.94872092195479
17;6;2010;9.98072155610592
17;6;2011;10.0495870014265
17;6;2012;10.0833614983114
17;6;2013;10.1294177358645
17;6;2014;10.1373674773461
17;6;2015;10.1489856191437
17;6;2016;10.1894366981043
17;6;2017;10.1863393414029
17;6;2018;10.2206800933258
17;6;2019;10.2048503933417
17;6;2020;10.2551203435441
17;6;2021;10.3091972776158
17;7;1990;9.79156695156695
17;7;1991;9.74458689458689
17;7;1992;9.75488603988604
17;7;1993;9.67294871794872
17;7;1994;9.6645868945869
17;7;1995;9.69804843304843
17;7;1996;9.69698005698006
17;7;1997;9.68407407407407
17;7;1998;9.72766381766382
17;7;1999;9.74564102564102
17;7;2000;9.76578347578348
17;7;2001;9.82162393162393
17;7;2002;9.81210826210826
17;7;2003;9.85314814814815
17;7;2004;9.85736467236467
17;7;2005;9.90401709401709
17;7;2006;10.0143732193732
17;7;2007;10.0831339031339
17;7;2008;10.0929487179487
17;7;2009;10.1040028490028
17;7;2010;10.1395868945869
17;7;2011;10.2080056980057
17;7;2012;10.242735042735
17;7;2013;10.287905982906
17;7;2014;10.2952849002849
17;7;2015;10.3066951566952
17;7;2016;10.3438034188034
17;7;2017;10.3433475783476
17;7;2018;10.3789031339031
17;7;2019;10.3640313390313
17;7;2020;10.4122934472934
17;7;2021;10.4657977207977
18;1;1990;9.44696679438059
18;1;1991;9.40188378033206
18;1;1992;9.41842911877395
18;1;1993;9.33116219667944
18;1;1994;9.31947637292465
18;1;1995;9.35301404853129
18;1;1996;9.35393358876118
18;1;1997;9.3401404853129
18;1;1998;9.38992337164751
18;1;1999;9.42230523627075
18;1;2000;9.4374840357599
18;1;2001;9.48985312899106
18;1;2002;9.4684993614304
18;1;2003;9.50527458492976
18;1;2004;9.50164750957854
18;1;2005;9.54284802043423
18;1;2006;9.64727330779055
18;1;2007;9.70845466155811
18;1;2008;9.71572158365262
18;1;2009;9.72577905491699
18;1;2010;9.75975734355045
18;1;2011;9.81516602809706
18;1;2012;9.85173690932312
18;1;2013;9.89169859514687
18;1;2014;9.89051085568327
18;1;2015;9.90365261813538
18;1;2016;9.9531098339719
18;1;2017;9.94670498084291
18;1;2018;9.97752234993614
18;1;2019;9.94972541507024
18;1;2020;10.0135121328225
18;1;2021;10.072030651341
18;2;1990;9.43365263723031
18;2;1991;9.38862811718625
18;2;1992;9.40614212139521
18;2;1993;9.31902738368863
18;2;1994;9.30736896062431
18;2;1995;9.34135153167269
18;2;1996;9.34317123148793
18;2;1997;9.33007413132533
18;2;1998;9.38044658190168
18;2;1999;9.41281897033444
18;2;2000;9.4286880074766
18;2;2001;9.48216330991198
18;2;2002;9.4621817714276
18;2;2003;9.49998369810322
18;2;2004;9.49632084229215
18;2;2005;9.53756392232224
18;2;2006;9.64180908530069
18;2;2007;9.70269885813418
18;2;2008;9.70975859329323
18;2;2009;9.71997188787836
18;2;2010;9.75396351302163
18;2;2011;9.80925778691428
18;2;2012;9.84661678366373
18;2;2013;9.88714626250436
18;2;2014;9.8855966520432
18;2;2015;9.89841828618741
18;2;2016;9.94829363260296
18;2;2017;9.94172205831787
18;2;2018;9.97228088063117
18;2;2019;9.94449869009762
18;2;2020;10.008637332469
18;2;2021;10.0671321246427
18;4;1990;9.38366169034453
18;4;1991;9.33820822413813
18;4;1992;9.35529887793991
18;4;1993;9.26810055863547
18;4;1994;9.25628190528053
18;4;1995;9.28993835773586
18;4;1996;9.29161397926547
18;4;1997;9.27786734329139
18;4;1998;9.32891025767621
18;4;1999;9.36231510771117
18;4;2000;9.37878618867033
18;4;2001;9.43199018039434
18;4;2002;9.41165606966005
18;4;2003;9.44862685413652
18;4;2004;9.44415849764859
18;4;2005;9.48483564104521
18;4;2006;9.58743378863536
18;4;2007;9.6478386665278
18;4;2008;9.65498065287573
18;4;2009;9.66483394078085
18;4;2010;9.69865719822953
18;4;2011;9.75390018384988
18;4;2012;9.79137691540934
18;4;2013;9.8315602790428
18;4;2014;9.82979531678484
18;4;2015;9.84299599566927
18;4;2016;9.89310901076087
18;4;2017;9.88587177660392
18;4;2018;9.91566279153692
18;4;2019;9.88675329431844
18;4;2020;9.95056961698004
18;4;2021;10.008032122651
18;6;1990;9.46668414862953
18;6;1991;9.4233205675817
18;6;1992;9.44221674650332
18;6;1993;9.35496676347278
18;6;1994;9.34299798868292
18;6;1995;9.37756219336614
18;6;1996;9.37897325831621
18;6;1997;9.36546134794176
18;6;1998;9.41488963017907
18;6;1999;9.4468735848271
18;6;2000;9.46250077765575
18;6;2001;9.51588942750252
18;6;2002;9.49509836183334
18;6;2003;9.53263717575924
18;6;2004;9.52912463117467
18;6;2005;9.56947375239582
18;6;2006;9.67422385518667
18;6;2007;9.73411485423576
18;6;2008;9.74119183721388
18;6;2009;9.75144235311626
18;6;2010;9.78772461158374
18;6;2011;9.84317262419494
18;6;2012;9.88210488285724
18;6;2013;9.92331781688838
18;6;2014;9.92242280504872
18;6;2015;9.93646331844995
18;6;2016;9.98728718419099
18;6;2017;9.98164902697127
18;6;2018;10.012729778366
18;6;2019;9.98451688603225
18;6;2020;10.0488008958575
18;6;2021;10.1070971671012
18;7;1990;9.72194444444444
18;7;1991;9.67277777777778
18;7;1992;9.68138888888889
18;7;1993;9.59277777777778
18;7;1994;9.58083333333333
18;7;1995;9.61083333333333
18;7;1996;9.60611111111111
18;7;1997;9.59055555555556
18;7;1998;9.63416666666667
18;7;1999;9.65888888888889
18;7;2000;9.67138888888889
18;7;2001;9.72361111111111
18;7;2002;9.705
18;7;2003;9.74222222222222
18;7;2004;9.74166666666667
18;7;2005;9.78638888888889
18;7;2006;9.89583333333333
18;7;2007;9.96194444444444
18;7;2008;9.97055555555556
18;7;2009;9.98111111111111
18;7;2010;10.0133333333333
18;7;2011;10.0697222222222
18;7;2012;10.1005555555556
18;7;2013;10.1372222222222
18;7;2014;10.1361111111111
18;7;2015;10.145
18;7;2016;10.1869444444444
18;7;2017;10.1825
18;7;2018;10.2161111111111
18;7;2019;10.1947222222222
18;7;2020;10.2552777777778
18;7;2021;10.3147222222222
19;1;1990;8.73935990338164
19;1;1991;8.6767693236715
19;1;1992;8.67222222222222
19;1;1993;8.58661835748792
19;1;1994;8.5758152173913
19;1;1995;8.59817632850242
19;1;1996;8.60951690821256
19;1;1997;8.60712560386474
19;1;1998;8.67506038647343
19;1;1999;8.68774758454106
19;1;2000;8.70123792270531
19;1;2001;8.75172101449275
19;1;2002;8.7463768115942
19;1;2003;8.79039855072464
19;1;2004;8.78336956521739
19;1;2005;8.83852657004831
19;1;2006;8.90604468599034
19;1;2007;8.97891304347826
19;1;2008;8.98352053140097
19;1;2009;9.00274154589372
19;1;2010;9.0243961352657
19;1;2011;9.10652777777778
19;1;2012;9.13307367149758
19;1;2013;9.18886473429952
19;1;2014;9.21525966183575
19;1;2015;9.2282306763285
19;1;2016;9.28178743961353
19;1;2017;9.27817028985507
19;1;2018;9.31042270531401
19;1;2019;9.29430555555555
19;1;2020;9.33698671497585
19;1;2021;9.38274154589372
19;2;1990;8.6386398467433
19;2;1991;8.5747190293742
19;2;1992;8.57270753512133
19;2;1993;8.48756385696041
19;2;1994;8.47829182630907
19;2;1995;8.50440932311622
19;2;1996;8.51507024265645
19;2;1997;8.51168582375479
19;2;1998;8.58152937420179
19;2;1999;8.59871008939975
19;2;2000;8.61474137931035
19;2;2001;8.66903575989783
19;2;2002;8.66656449553001
19;2;2003;8.71479565772669
19;2;2004;8.70878671775224
19;2;2005;8.76751277139208
19;2;2006;8.84338122605364
19;2;2007;8.9180619412516
19;2;2008;8.9248275862069
19;2;2009;8.94304278416348
19;2;2010;8.96628671775224
19;2;2011;9.04730842911878
19;2;2012;9.07609195402299
19;2;2013;9.13196360153257
19;2;2014;9.15659961685824
19;2;2015;9.1710472541507
19;2;2016;9.22571200510856
19;2;2017;9.22008620689655
19;2;2018;9.25193167305236
19;2;2019;9.23383461047254
19;2;2020;9.28003192848021
19;2;2021;9.32915389527458
19;4;1990;8.44046180555556
19;4;1991;8.3749525462963
19;4;1992;8.37469675925926
19;4;1993;8.28764699074074
19;4;1994;8.27716319444444
19;4;1995;8.30426736111111
19;4;1996;8.31641087962963
19;4;1997;8.31494097222222
19;4;1998;8.38701157407407
19;4;1999;8.40809490740741
19;4;2000;8.42418981481481
19;4;2001;8.47912268518519
19;4;2002;8.47835648148148
19;4;2003;8.52931018518519
19;4;2004;8.52279282407408
19;4;2005;8.5832974537037
19;4;2006;8.66087384259259
19;4;2007;8.73688194444444
19;4;2008;8.74408680555556
19;4;2009;8.7624837962963
19;4;2010;8.78617824074074
19;4;2011;8.86678009259259
19;4;2012;8.89771412037037
19;4;2013;8.95467939814815
19;4;2014;8.97950694444445
19;4;2015;8.99506828703704
19;4;2016;9.05102662037037
19;4;2017;9.04481944444444
19;4;2018;9.07821180555556
19;4;2019;9.05935532407407
19;4;2020;9.10865046296296
19;4;2021;9.15967824074074
19;6;1990;8.43909586056645
19;6;1991;8.37336419753087
19;6;1992;8.37199891067538
19;6;1993;8.28450435729848
19;6;1994;8.27458968772694
19;6;1995;8.30043754538853
19;6;1996;8.31412490922295
19;6;1997;8.31474219317356
19;6;1998;8.3867501815541
19;6;1999;8.40588235294118
19;6;2000;8.42101488743646
19;6;2001;8.47515432098765
19;6;2002;8.47511256354394
19;6;2003;8.52583514887436
19;6;2004;8.51922476397967
19;6;2005;8.5782734204793
19;6;2006;8.65350217864924
19;6;2007;8.72873456790123
19;6;2008;8.73478031953522
19;6;2009;8.75339143064633
19;6;2010;8.77435366739288
19;6;2011;8.85454974582425
19;6;2012;8.88425925925926
19;6;2013;8.9416103848947
19;6;2014;8.96726942628903
19;6;2015;8.98143246187364
19;6;2016;9.03636891793755
19;6;2017;9.03126361655773
19;6;2018;9.06516521423384
19;6;2019;9.04878358750908
19;6;2020;9.09627814088598
19;6;2021;9.14766339869281
19;7;1990;8.28861111111111
19;7;1991;8.22277777777778
19;7;1992;8.22083333333333
19;7;1993;8.13333333333333
19;7;1994;8.12416666666667
19;7;1995;8.14888888888889
19;7;1996;8.165
19;7;1997;8.1675
19;7;1998;8.24194444444444
19;7;1999;8.26055555555556
19;7;2000;8.27583333333333
19;7;2001;8.33222222222222
19;7;2002;8.33638888888889
19;7;2003;8.39
19;7;2004;8.38305555555556
19;7;2005;8.44166666666667
19;7;2006;8.51944444444444
19;7;2007;8.59472222222222
19;7;2008;8.60111111111111
19;7;2009;8.61972222222222
19;7;2010;8.635
19;7;2011;8.7125
19;7;2012;8.74055555555555
19;7;2013;8.79833333333333
19;7;2014;8.82055555555556
19;7;2015;8.83111111111111
19;7;2016;8.88222222222222
19;7;2017;8.87638888888889
19;7;2018;8.90972222222222
19;7;2019;8.89805555555555
19;7;2020;8.94333333333333
19;7;2021;8.99722222222222
21;1;1990;11.5260116171935
21;1;1991;11.5024824002576
21;1;1992;11.5541107857803
21;1;1993;11.5102833175228
21;1;1994;11.5329925308433
21;1;1995;11.5738819529209
21;1;1996;11.5819935972207
21;1;1997;11.6079061587857
21;1;1998;11.6003091229538
21;1;1999;11.6294045592196
21;1;2000;11.6436121729739
21;1;2001;11.6984260991408
21;1;2002;11.7260560842296
21;1;2003;11.745693746333
21;1;2004;11.7663739550901
21;1;2005;11.7681501333017
21;1;2006;11.8636059870818
21;1;2007;11.9274236455698
21;1;2008;11.9768199991007
21;1;2009;11.9999574488315
21;1;2010;12.0132293615334
21;1;2011;12.0829720572994
21;1;2012;12.093232027477
21;1;2013;12.1249957299756
21;1;2014;12.1475900998639
21;1;2015;12.1789923184707
21;1;2016;12.2262047309235
21;1;2017;12.2743724639676
21;1;2018;12.3297009986024
21;1;2019;12.3379551037041
21;1;2020;12.3849529709492
21;1;2021;12.4419989291079
21;2;1990;11.5453781937017
21;2;1991;11.520646164587
21;2;1992;11.5702110576352
21;2;1993;11.5251643701723
21;2;1994;11.5469047979798
21;2;1995;11.587219456328
21;2;1996;11.5915705258467
21;2;1997;11.6115238383838
21;2;1998;11.6013567023173
21;2;1999;11.6253931134878
21;2;2000;11.6357815329768
21;2;2001;11.6866517468806
21;2;2002;11.7087805941771
21;2;2003;11.7251792899584
21;2;2004;11.7432717260844
21;2;2005;11.743419248366
21;2;2006;11.8409094414736
21;2;2007;11.9005480956625
21;2;2008;11.9482054248366
21;2;2009;11.9671680748663
21;2;2010;11.9772147623292
21;2;2011;12.0437142929293
21;2;2012;12.0524360457516
21;2;2013;12.0804080332739
21;2;2014;12.0997787165775
21;2;2015;12.129611580511
21;2;2016;12.1740560249554
21;2;2017;12.2204817944147
21;2;2018;12.2701671360665
21;2;2019;12.2745378193702
21;2;2020;12.3160102762923
21;2;2021;12.3697516428996
21;4;1990;11.5401935556738
21;4;1991;11.5163350484169
21;4;1992;11.5662091571101
21;4;1993;11.5225027377419
21;4;1994;11.5442534319878
21;4;1995;11.5841995936255
21;4;1996;11.5906432028281
21;4;1997;11.6138322422778
21;4;1998;11.6052451520074
21;4;1999;11.6322039392428
21;4;2000;11.6454871945776
21;4;2001;11.6975084372818
21;4;2002;11.7245677257767
21;4;2003;11.7403504350063
21;4;2004;11.7592628030514
21;4;2005;11.7614113382726
21;4;2006;11.8584704514943
21;4;2007;11.9219382132419
21;4;2008;11.9725298626907
21;4;2009;11.9959337677594
21;4;2010;12.0076383503705
21;4;2011;12.0780170456666
21;4;2012;12.0901467306236
21;4;2013;12.1217648279224
21;4;2014;12.1434052360135
21;4;2015;12.1782932352282
21;4;2016;12.2265467714593
21;4;2017;12.2766792255503
21;4;2018;12.3294529076931
21;4;2019;12.3364026077088
21;4;2020;12.3816897821196
21;4;2021;12.4367481419535
21;6;1990;11.6159808632946
21;6;1991;11.5897711810076
21;6;1992;11.6399179089839
21;6;1993;11.5969319089485
21;6;1994;11.6169019372543
21;6;1995;11.6545561094174
21;6;1996;11.6628374774824
21;6;1997;11.6905701393245
21;6;1998;11.6839887063528
21;6;1999;11.7144860643595
21;6;2000;11.7329041196522
21;6;2001;11.7872677559217
21;6;2002;11.8224736596831
21;6;2003;11.8399376284574
21;6;2004;11.86006504254
21;6;2005;11.8652991721561
21;6;2006;11.9609295594739
21;6;2007;12.0302902601951
21;6;2008;12.0859400667231
21;6;2009;12.1157226766368
21;6;2010;12.1333135477581
21;6;2011;12.2098507377138
21;6;2012;12.2281520367245
21;6;2013;12.2668235355271
21;6;2014;12.2944851740749
21;6;2015;12.3358753801866
21;6;2016;12.3907878279955
21;6;2017;12.4502587968504
21;6;2018;12.5102243387152
21;6;2019;12.5249168673087
21;6;2020;12.578732670275
21;6;2021;12.6410083477374
21;7;1990;11.4455555555556
21;7;1991;11.4255555555556
21;7;1992;11.4761111111111
21;7;1993;11.4355555555556
21;7;1994;11.4594444444444
21;7;1995;11.5005555555556
21;7;1996;11.5083333333333
21;7;1997;11.5333333333333
21;7;1998;11.5277777777778
21;7;1999;11.5572222222222
21;7;2000;11.5711111111111
21;7;2001;11.6227777777778
21;7;2002;11.6544444444444
21;7;2003;11.6655555555556
21;7;2004;11.6838888888889
21;7;2005;11.6872222222222
21;7;2006;11.7872222222222
21;7;2007;11.8505555555556
21;7;2008;11.9022222222222
21;7;2009;11.9261111111111
21;7;2010;11.9333333333333
21;7;2011;12.0044444444444
21;7;2012;12.0166666666667
21;7;2013;12.0488888888889
21;7;2014;12.0677777777778
21;7;2015;12.1066666666667
21;7;2016;12.1533333333333
21;7;2017;12.2005555555556
21;7;2018;12.2494444444444
21;7;2019;12.25
21;7;2020;12.2927777777778
21;7;2021;12.3411111111111
