maakunta;peat_type;tree_type;year;basal_area
1;1;pine;2015;1.3651145405
1;1;pine;2016;1.3651145405
1;1;pine;2017;1.3651145405
1;1;pine;2018;1.3651145405
1;1;pine;2019;1.3651145405
1;1;pine;2020;1.3651145405
1;1;pine;2021;1.3651145405
1;1;spruce;2015;13.280082118
1;1;spruce;2016;13.280082118
1;1;spruce;2017;13.280082118
1;1;spruce;2018;13.280082118
1;1;spruce;2019;13.280082118
1;1;spruce;2020;13.280082118
1;1;spruce;2021;13.280082118
1;1;deciduous;2015;10.711616905
1;1;deciduous;2016;10.711616905
1;1;deciduous;2017;10.711616905
1;1;deciduous;2018;10.711616905
1;1;deciduous;2019;10.711616905
1;1;deciduous;2020;10.711616905
1;1;deciduous;2021;10.711616905
1;2;pine;2015;6.09869916615212
1;2;pine;2016;6.09869916615212
1;2;pine;2017;6.09869916615212
1;2;pine;2018;6.09869916615212
1;2;pine;2019;6.09869916615212
1;2;pine;2020;6.09869916615212
1;2;pine;2021;6.09869916615212
1;2;spruce;2015;10.1360305378299
1;2;spruce;2016;10.1360305378299
1;2;spruce;2017;10.1360305378299
1;2;spruce;2018;10.1360305378299
1;2;spruce;2019;10.1360305378299
1;2;spruce;2020;10.1360305378299
1;2;spruce;2021;10.1360305378299
1;2;deciduous;2015;7.02787038944376
1;2;deciduous;2016;7.02787038944376
1;2;deciduous;2017;7.02787038944376
1;2;deciduous;2018;7.02787038944376
1;2;deciduous;2019;7.02787038944376
1;2;deciduous;2020;7.02787038944376
1;2;deciduous;2021;7.02787038944376
1;4;pine;2015;17.8613889587668
1;4;pine;2016;17.8613889587668
1;4;pine;2017;17.8613889587668
1;4;pine;2018;17.8613889587668
1;4;pine;2019;17.8613889587668
1;4;pine;2020;17.8613889587668
1;4;pine;2021;17.8613889587668
1;4;spruce;2015;1.62422456320746
1;4;spruce;2016;1.62422456320746
1;4;spruce;2017;1.62422456320746
1;4;spruce;2018;1.62422456320746
1;4;spruce;2019;1.62422456320746
1;4;spruce;2020;1.62422456320746
1;4;spruce;2021;1.62422456320746
1;4;deciduous;2015;4.46108836200164
1;4;deciduous;2016;4.46108836200164
1;4;deciduous;2017;4.46108836200164
1;4;deciduous;2018;4.46108836200164
1;4;deciduous;2019;4.46108836200164
1;4;deciduous;2020;4.46108836200164
1;4;deciduous;2021;4.46108836200164
1;6;pine;2015;16.035471039
1;6;pine;2016;16.035471039
1;6;pine;2017;16.035471039
1;6;pine;2018;16.035471039
1;6;pine;2019;16.035471039
1;6;pine;2020;16.035471039
1;6;pine;2021;16.035471039
1;6;spruce;2015;0.052344962
1;6;spruce;2016;0.052344962
1;6;spruce;2017;0.052344962
1;6;spruce;2018;0.052344962
1;6;spruce;2019;0.052344962
1;6;spruce;2020;0.052344962
1;6;spruce;2021;0.052344962
1;6;deciduous;2015;0.8176108915
1;6;deciduous;2016;0.8176108915
1;6;deciduous;2017;0.8176108915
1;6;deciduous;2018;0.8176108915
1;6;deciduous;2019;0.8176108915
1;6;deciduous;2020;0.8176108915
1;6;deciduous;2021;0.8176108915
1;7;pine;2015;0
1;7;pine;2016;0
1;7;pine;2017;0
1;7;pine;2018;0
1;7;pine;2019;0
1;7;pine;2020;0
1;7;pine;2021;0
1;7;spruce;2015;0
1;7;spruce;2016;0
1;7;spruce;2017;0
1;7;spruce;2018;0
1;7;spruce;2019;0
1;7;spruce;2020;0
1;7;spruce;2021;0
1;7;deciduous;2015;0
1;7;deciduous;2016;0
1;7;deciduous;2017;0
1;7;deciduous;2018;0
1;7;deciduous;2019;0
1;7;deciduous;2020;0
1;7;deciduous;2021;0
2;1;pine;2015;7.1957297349
2;1;pine;2016;7.1957297349
2;1;pine;2017;7.1957297349
2;1;pine;2018;7.1957297349
2;1;pine;2019;7.1957297349
2;1;pine;2020;7.1957297349
2;1;pine;2021;7.1957297349
2;1;spruce;2015;10.223071525
2;1;spruce;2016;10.223071525
2;1;spruce;2017;10.223071525
2;1;spruce;2018;10.223071525
2;1;spruce;2019;10.223071525
2;1;spruce;2020;10.223071525
2;1;spruce;2021;10.223071525
2;1;deciduous;2015;7.7630736717
2;1;deciduous;2016;7.7630736717
2;1;deciduous;2017;7.7630736717
2;1;deciduous;2018;7.7630736717
2;1;deciduous;2019;7.7630736717
2;1;deciduous;2020;7.7630736717
2;1;deciduous;2021;7.7630736717
2;2;pine;2015;8.52392160041828
2;2;pine;2016;8.52392160041828
2;2;pine;2017;8.52392160041828
2;2;pine;2018;8.52392160041828
2;2;pine;2019;8.52392160041828
2;2;pine;2020;8.52392160041828
2;2;pine;2021;8.52392160041828
2;2;spruce;2015;10.1582655421685
2;2;spruce;2016;10.1582655421685
2;2;spruce;2017;10.1582655421685
2;2;spruce;2018;10.1582655421685
2;2;spruce;2019;10.1582655421685
2;2;spruce;2020;10.1582655421685
2;2;spruce;2021;10.1582655421685
2;2;deciduous;2015;6.05385198373417
2;2;deciduous;2016;6.05385198373417
2;2;deciduous;2017;6.05385198373417
2;2;deciduous;2018;6.05385198373417
2;2;deciduous;2019;6.05385198373417
2;2;deciduous;2020;6.05385198373417
2;2;deciduous;2021;6.05385198373417
2;4;pine;2015;14.2249923099414
2;4;pine;2016;14.2249923099414
2;4;pine;2017;14.2249923099414
2;4;pine;2018;14.2249923099414
2;4;pine;2019;14.2249923099414
2;4;pine;2020;14.2249923099414
2;4;pine;2021;14.2249923099414
2;4;spruce;2015;4.50578461020912
2;4;spruce;2016;4.50578461020912
2;4;spruce;2017;4.50578461020912
2;4;spruce;2018;4.50578461020912
2;4;spruce;2019;4.50578461020912
2;4;spruce;2020;4.50578461020912
2;4;spruce;2021;4.50578461020912
2;4;deciduous;2015;3.42629818068602
2;4;deciduous;2016;3.42629818068602
2;4;deciduous;2017;3.42629818068602
2;4;deciduous;2018;3.42629818068602
2;4;deciduous;2019;3.42629818068602
2;4;deciduous;2020;3.42629818068602
2;4;deciduous;2021;3.42629818068602
2;6;pine;2015;14.798235068
2;6;pine;2016;14.798235068
2;6;pine;2017;14.798235068
2;6;pine;2018;14.798235068
2;6;pine;2019;14.798235068
2;6;pine;2020;14.798235068
2;6;pine;2021;14.798235068
2;6;spruce;2015;0.4301456749
2;6;spruce;2016;0.4301456749
2;6;spruce;2017;0.4301456749
2;6;spruce;2018;0.4301456749
2;6;spruce;2019;0.4301456749
2;6;spruce;2020;0.4301456749
2;6;spruce;2021;0.4301456749
2;6;deciduous;2015;0.7873563442
2;6;deciduous;2016;0.7873563442
2;6;deciduous;2017;0.7873563442
2;6;deciduous;2018;0.7873563442
2;6;deciduous;2019;0.7873563442
2;6;deciduous;2020;0.7873563442
2;6;deciduous;2021;0.7873563442
2;7;pine;2015;9.7316221099
2;7;pine;2016;9.7316221099
2;7;pine;2017;9.7316221099
2;7;pine;2018;9.7316221099
2;7;pine;2019;9.7316221099
2;7;pine;2020;9.7316221099
2;7;pine;2021;9.7316221099
2;7;spruce;2015;0
2;7;spruce;2016;0
2;7;spruce;2017;0
2;7;spruce;2018;0
2;7;spruce;2019;0
2;7;spruce;2020;0
2;7;spruce;2021;0
2;7;deciduous;2015;0.1434577402
2;7;deciduous;2016;0.1434577402
2;7;deciduous;2017;0.1434577402
2;7;deciduous;2018;0.1434577402
2;7;deciduous;2019;0.1434577402
2;7;deciduous;2020;0.1434577402
2;7;deciduous;2021;0.1434577402
4;1;pine;2015;2.8889928222
4;1;pine;2016;2.8889928222
4;1;pine;2017;2.8889928222
4;1;pine;2018;2.8889928222
4;1;pine;2019;2.8889928222
4;1;pine;2020;2.8889928222
4;1;pine;2021;2.8889928222
4;1;spruce;2015;11.735217642
4;1;spruce;2016;11.735217642
4;1;spruce;2017;11.735217642
4;1;spruce;2018;11.735217642
4;1;spruce;2019;11.735217642
4;1;spruce;2020;11.735217642
4;1;spruce;2021;11.735217642
4;1;deciduous;2015;6.6701780223
4;1;deciduous;2016;6.6701780223
4;1;deciduous;2017;6.6701780223
4;1;deciduous;2018;6.6701780223
4;1;deciduous;2019;6.6701780223
4;1;deciduous;2020;6.6701780223
4;1;deciduous;2021;6.6701780223
4;2;pine;2015;6.71764804186656
4;2;pine;2016;6.71764804186656
4;2;pine;2017;6.71764804186656
4;2;pine;2018;6.71764804186656
4;2;pine;2019;6.71764804186656
4;2;pine;2020;6.71764804186656
4;2;pine;2021;6.71764804186656
4;2;spruce;2015;9.46347068338719
4;2;spruce;2016;9.46347068338719
4;2;spruce;2017;9.46347068338719
4;2;spruce;2018;9.46347068338719
4;2;spruce;2019;9.46347068338719
4;2;spruce;2020;9.46347068338719
4;2;spruce;2021;9.46347068338719
4;2;deciduous;2015;4.91997271876494
4;2;deciduous;2016;4.91997271876494
4;2;deciduous;2017;4.91997271876494
4;2;deciduous;2018;4.91997271876494
4;2;deciduous;2019;4.91997271876494
4;2;deciduous;2020;4.91997271876494
4;2;deciduous;2021;4.91997271876494
4;4;pine;2015;13.247616759523
4;4;pine;2016;13.247616759523
4;4;pine;2017;13.247616759523
4;4;pine;2018;13.247616759523
4;4;pine;2019;13.247616759523
4;4;pine;2020;13.247616759523
4;4;pine;2021;13.247616759523
4;4;spruce;2015;1.05755176469923
4;4;spruce;2016;1.05755176469923
4;4;spruce;2017;1.05755176469923
4;4;spruce;2018;1.05755176469923
4;4;spruce;2019;1.05755176469923
4;4;spruce;2020;1.05755176469923
4;4;spruce;2021;1.05755176469923
4;4;deciduous;2015;2.87247768842896
4;4;deciduous;2016;2.87247768842896
4;4;deciduous;2017;2.87247768842896
4;4;deciduous;2018;2.87247768842896
4;4;deciduous;2019;2.87247768842896
4;4;deciduous;2020;2.87247768842896
4;4;deciduous;2021;2.87247768842896
4;6;pine;2015;13.545802974
4;6;pine;2016;13.545802974
4;6;pine;2017;13.545802974
4;6;pine;2018;13.545802974
4;6;pine;2019;13.545802974
4;6;pine;2020;13.545802974
4;6;pine;2021;13.545802974
4;6;spruce;2015;0.1053968196
4;6;spruce;2016;0.1053968196
4;6;spruce;2017;0.1053968196
4;6;spruce;2018;0.1053968196
4;6;spruce;2019;0.1053968196
4;6;spruce;2020;0.1053968196
4;6;spruce;2021;0.1053968196
4;6;deciduous;2015;1.3034391123
4;6;deciduous;2016;1.3034391123
4;6;deciduous;2017;1.3034391123
4;6;deciduous;2018;1.3034391123
4;6;deciduous;2019;1.3034391123
4;6;deciduous;2020;1.3034391123
4;6;deciduous;2021;1.3034391123
4;7;pine;2015;10.306438343
4;7;pine;2016;10.306438343
4;7;pine;2017;10.306438343
4;7;pine;2018;10.306438343
4;7;pine;2019;10.306438343
4;7;pine;2020;10.306438343
4;7;pine;2021;10.306438343
4;7;spruce;2015;0
4;7;spruce;2016;0
4;7;spruce;2017;0
4;7;spruce;2018;0
4;7;spruce;2019;0
4;7;spruce;2020;0
4;7;spruce;2021;0
4;7;deciduous;2015;2.4116831048
4;7;deciduous;2016;2.4116831048
4;7;deciduous;2017;2.4116831048
4;7;deciduous;2018;2.4116831048
4;7;deciduous;2019;2.4116831048
4;7;deciduous;2020;2.4116831048
4;7;deciduous;2021;2.4116831048
5;1;pine;2015;1.7035651939
5;1;pine;2016;1.7035651939
5;1;pine;2017;1.7035651939
5;1;pine;2018;1.7035651939
5;1;pine;2019;1.7035651939
5;1;pine;2020;1.7035651939
5;1;pine;2021;1.7035651939
5;1;spruce;2015;12.611458201
5;1;spruce;2016;12.611458201
5;1;spruce;2017;12.611458201
5;1;spruce;2018;12.611458201
5;1;spruce;2019;12.611458201
5;1;spruce;2020;12.611458201
5;1;spruce;2021;12.611458201
5;1;deciduous;2015;7.7036006883
5;1;deciduous;2016;7.7036006883
5;1;deciduous;2017;7.7036006883
5;1;deciduous;2018;7.7036006883
5;1;deciduous;2019;7.7036006883
5;1;deciduous;2020;7.7036006883
5;1;deciduous;2021;7.7036006883
5;2;pine;2015;4.41812450210339
5;2;pine;2016;4.41812450210339
5;2;pine;2017;4.41812450210339
5;2;pine;2018;4.41812450210339
5;2;pine;2019;4.41812450210339
5;2;pine;2020;4.41812450210339
5;2;pine;2021;4.41812450210339
5;2;spruce;2015;11.8242948124426
5;2;spruce;2016;11.8242948124426
5;2;spruce;2017;11.8242948124426
5;2;spruce;2018;11.8242948124426
5;2;spruce;2019;11.8242948124426
5;2;spruce;2020;11.8242948124426
5;2;spruce;2021;11.8242948124426
5;2;deciduous;2015;6.06276416591058
5;2;deciduous;2016;6.06276416591058
5;2;deciduous;2017;6.06276416591058
5;2;deciduous;2018;6.06276416591058
5;2;deciduous;2019;6.06276416591058
5;2;deciduous;2020;6.06276416591058
5;2;deciduous;2021;6.06276416591058
5;4;pine;2015;11.9963531352723
5;4;pine;2016;11.9963531352723
5;4;pine;2017;11.9963531352723
5;4;pine;2018;11.9963531352723
5;4;pine;2019;11.9963531352723
5;4;pine;2020;11.9963531352723
5;4;pine;2021;11.9963531352723
5;4;spruce;2015;2.62160068409533
5;4;spruce;2016;2.62160068409533
5;4;spruce;2017;2.62160068409533
5;4;spruce;2018;2.62160068409533
5;4;spruce;2019;2.62160068409533
5;4;spruce;2020;2.62160068409533
5;4;spruce;2021;2.62160068409533
5;4;deciduous;2015;5.6902710949788
5;4;deciduous;2016;5.6902710949788
5;4;deciduous;2017;5.6902710949788
5;4;deciduous;2018;5.6902710949788
5;4;deciduous;2019;5.6902710949788
5;4;deciduous;2020;5.6902710949788
5;4;deciduous;2021;5.6902710949788
5;6;pine;2015;15.766038787
5;6;pine;2016;15.766038787
5;6;pine;2017;15.766038787
5;6;pine;2018;15.766038787
5;6;pine;2019;15.766038787
5;6;pine;2020;15.766038787
5;6;pine;2021;15.766038787
5;6;spruce;2015;0.0386634356
5;6;spruce;2016;0.0386634356
5;6;spruce;2017;0.0386634356
5;6;spruce;2018;0.0386634356
5;6;spruce;2019;0.0386634356
5;6;spruce;2020;0.0386634356
5;6;spruce;2021;0.0386634356
5;6;deciduous;2015;0.5592736004
5;6;deciduous;2016;0.5592736004
5;6;deciduous;2017;0.5592736004
5;6;deciduous;2018;0.5592736004
5;6;deciduous;2019;0.5592736004
5;6;deciduous;2020;0.5592736004
5;6;deciduous;2021;0.5592736004
5;7;pine;2015;0
5;7;pine;2016;0
5;7;pine;2017;0
5;7;pine;2018;0
5;7;pine;2019;0
5;7;pine;2020;0
5;7;pine;2021;0
5;7;spruce;2015;0
5;7;spruce;2016;0
5;7;spruce;2017;0
5;7;spruce;2018;0
5;7;spruce;2019;0
5;7;spruce;2020;0
5;7;spruce;2021;0
5;7;deciduous;2015;0
5;7;deciduous;2016;0
5;7;deciduous;2017;0
5;7;deciduous;2018;0
5;7;deciduous;2019;0
5;7;deciduous;2020;0
5;7;deciduous;2021;0
6;1;pine;2015;2.6794926128
6;1;pine;2016;2.6794926128
6;1;pine;2017;2.6794926128
6;1;pine;2018;2.6794926128
6;1;pine;2019;2.6794926128
6;1;pine;2020;2.6794926128
6;1;pine;2021;2.6794926128
6;1;spruce;2015;10.693690438
6;1;spruce;2016;10.693690438
6;1;spruce;2017;10.693690438
6;1;spruce;2018;10.693690438
6;1;spruce;2019;10.693690438
6;1;spruce;2020;10.693690438
6;1;spruce;2021;10.693690438
6;1;deciduous;2015;6.315298161
6;1;deciduous;2016;6.315298161
6;1;deciduous;2017;6.315298161
6;1;deciduous;2018;6.315298161
6;1;deciduous;2019;6.315298161
6;1;deciduous;2020;6.315298161
6;1;deciduous;2021;6.315298161
6;2;pine;2015;5.79031031227855
6;2;pine;2016;5.79031031227855
6;2;pine;2017;5.79031031227855
6;2;pine;2018;5.79031031227855
6;2;pine;2019;5.79031031227855
6;2;pine;2020;5.79031031227855
6;2;pine;2021;5.79031031227855
6;2;spruce;2015;9.67471856360302
6;2;spruce;2016;9.67471856360302
6;2;spruce;2017;9.67471856360302
6;2;spruce;2018;9.67471856360302
6;2;spruce;2019;9.67471856360302
6;2;spruce;2020;9.67471856360302
6;2;spruce;2021;9.67471856360302
6;2;deciduous;2015;5.74994403519075
6;2;deciduous;2016;5.74994403519075
6;2;deciduous;2017;5.74994403519075
6;2;deciduous;2018;5.74994403519075
6;2;deciduous;2019;5.74994403519075
6;2;deciduous;2020;5.74994403519075
6;2;deciduous;2021;5.74994403519075
6;4;pine;2015;10.4387374691499
6;4;pine;2016;10.4387374691499
6;4;pine;2017;10.4387374691499
6;4;pine;2018;10.4387374691499
6;4;pine;2019;10.4387374691499
6;4;pine;2020;10.4387374691499
6;4;pine;2021;10.4387374691499
6;4;spruce;2015;2.80096660102444
6;4;spruce;2016;2.80096660102444
6;4;spruce;2017;2.80096660102444
6;4;spruce;2018;2.80096660102444
6;4;spruce;2019;2.80096660102444
6;4;spruce;2020;2.80096660102444
6;4;spruce;2021;2.80096660102444
6;4;deciduous;2015;4.06788141882777
6;4;deciduous;2016;4.06788141882777
6;4;deciduous;2017;4.06788141882777
6;4;deciduous;2018;4.06788141882777
6;4;deciduous;2019;4.06788141882777
6;4;deciduous;2020;4.06788141882777
6;4;deciduous;2021;4.06788141882777
6;6;pine;2015;11.872754878
6;6;pine;2016;11.872754878
6;6;pine;2017;11.872754878
6;6;pine;2018;11.872754878
6;6;pine;2019;11.872754878
6;6;pine;2020;11.872754878
6;6;pine;2021;11.872754878
6;6;spruce;2015;0.5309774994
6;6;spruce;2016;0.5309774994
6;6;spruce;2017;0.5309774994
6;6;spruce;2018;0.5309774994
6;6;spruce;2019;0.5309774994
6;6;spruce;2020;0.5309774994
6;6;spruce;2021;0.5309774994
6;6;deciduous;2015;1.3287358639
6;6;deciduous;2016;1.3287358639
6;6;deciduous;2017;1.3287358639
6;6;deciduous;2018;1.3287358639
6;6;deciduous;2019;1.3287358639
6;6;deciduous;2020;1.3287358639
6;6;deciduous;2021;1.3287358639
6;7;pine;2015;4.4685178863
6;7;pine;2016;4.4685178863
6;7;pine;2017;4.4685178863
6;7;pine;2018;4.4685178863
6;7;pine;2019;4.4685178863
6;7;pine;2020;4.4685178863
6;7;pine;2021;4.4685178863
6;7;spruce;2015;0
6;7;spruce;2016;0
6;7;spruce;2017;0
6;7;spruce;2018;0
6;7;spruce;2019;0
6;7;spruce;2020;0
6;7;spruce;2021;0
6;7;deciduous;2015;1.7207024295
6;7;deciduous;2016;1.7207024295
6;7;deciduous;2017;1.7207024295
6;7;deciduous;2018;1.7207024295
6;7;deciduous;2019;1.7207024295
6;7;deciduous;2020;1.7207024295
6;7;deciduous;2021;1.7207024295
7;1;pine;2015;1.3423367184
7;1;pine;2016;1.3423367184
7;1;pine;2017;1.3423367184
7;1;pine;2018;1.3423367184
7;1;pine;2019;1.3423367184
7;1;pine;2020;1.3423367184
7;1;pine;2021;1.3423367184
7;1;spruce;2015;10.573091648
7;1;spruce;2016;10.573091648
7;1;spruce;2017;10.573091648
7;1;spruce;2018;10.573091648
7;1;spruce;2019;10.573091648
7;1;spruce;2020;10.573091648
7;1;spruce;2021;10.573091648
7;1;deciduous;2015;8.029602226
7;1;deciduous;2016;8.029602226
7;1;deciduous;2017;8.029602226
7;1;deciduous;2018;8.029602226
7;1;deciduous;2019;8.029602226
7;1;deciduous;2020;8.029602226
7;1;deciduous;2021;8.029602226
7;2;pine;2015;2.52213790138924
7;2;pine;2016;2.52213790138924
7;2;pine;2017;2.52213790138924
7;2;pine;2018;2.52213790138924
7;2;pine;2019;2.52213790138924
7;2;pine;2020;2.52213790138924
7;2;pine;2021;2.52213790138924
7;2;spruce;2015;12.1117426059916
7;2;spruce;2016;12.1117426059916
7;2;spruce;2017;12.1117426059916
7;2;spruce;2018;12.1117426059916
7;2;spruce;2019;12.1117426059916
7;2;spruce;2020;12.1117426059916
7;2;spruce;2021;12.1117426059916
7;2;deciduous;2015;6.44974925197063
7;2;deciduous;2016;6.44974925197063
7;2;deciduous;2017;6.44974925197063
7;2;deciduous;2018;6.44974925197063
7;2;deciduous;2019;6.44974925197063
7;2;deciduous;2020;6.44974925197063
7;2;deciduous;2021;6.44974925197063
7;4;pine;2015;13.7507459383739
7;4;pine;2016;13.7507459383739
7;4;pine;2017;13.7507459383739
7;4;pine;2018;13.7507459383739
7;4;pine;2019;13.7507459383739
7;4;pine;2020;13.7507459383739
7;4;pine;2021;13.7507459383739
7;4;spruce;2015;1.66421458572467
7;4;spruce;2016;1.66421458572467
7;4;spruce;2017;1.66421458572467
7;4;spruce;2018;1.66421458572467
7;4;spruce;2019;1.66421458572467
7;4;spruce;2020;1.66421458572467
7;4;spruce;2021;1.66421458572467
7;4;deciduous;2015;5.50079286649949
7;4;deciduous;2016;5.50079286649949
7;4;deciduous;2017;5.50079286649949
7;4;deciduous;2018;5.50079286649949
7;4;deciduous;2019;5.50079286649949
7;4;deciduous;2020;5.50079286649949
7;4;deciduous;2021;5.50079286649949
7;6;pine;2015;14.283135301
7;6;pine;2016;14.283135301
7;6;pine;2017;14.283135301
7;6;pine;2018;14.283135301
7;6;pine;2019;14.283135301
7;6;pine;2020;14.283135301
7;6;pine;2021;14.283135301
7;6;spruce;2015;0.3179450257
7;6;spruce;2016;0.3179450257
7;6;spruce;2017;0.3179450257
7;6;spruce;2018;0.3179450257
7;6;spruce;2019;0.3179450257
7;6;spruce;2020;0.3179450257
7;6;spruce;2021;0.3179450257
7;6;deciduous;2015;0.6511387645
7;6;deciduous;2016;0.6511387645
7;6;deciduous;2017;0.6511387645
7;6;deciduous;2018;0.6511387645
7;6;deciduous;2019;0.6511387645
7;6;deciduous;2020;0.6511387645
7;6;deciduous;2021;0.6511387645
7;7;pine;2015;0
7;7;pine;2016;0
7;7;pine;2017;0
7;7;pine;2018;0
7;7;pine;2019;0
7;7;pine;2020;0
7;7;pine;2021;0
7;7;spruce;2015;0
7;7;spruce;2016;0
7;7;spruce;2017;0
7;7;spruce;2018;0
7;7;spruce;2019;0
7;7;spruce;2020;0
7;7;spruce;2021;0
7;7;deciduous;2015;0
7;7;deciduous;2016;0
7;7;deciduous;2017;0
7;7;deciduous;2018;0
7;7;deciduous;2019;0
7;7;deciduous;2020;0
7;7;deciduous;2021;0
8;1;pine;2015;1.7655277778
8;1;pine;2016;1.7655277778
8;1;pine;2017;1.7655277778
8;1;pine;2018;1.7655277778
8;1;pine;2019;1.7655277778
8;1;pine;2020;1.7655277778
8;1;pine;2021;1.7655277778
8;1;spruce;2015;11.719980069
8;1;spruce;2016;11.719980069
8;1;spruce;2017;11.719980069
8;1;spruce;2018;11.719980069
8;1;spruce;2019;11.719980069
8;1;spruce;2020;11.719980069
8;1;spruce;2021;11.719980069
8;1;deciduous;2015;10.063902199
8;1;deciduous;2016;10.063902199
8;1;deciduous;2017;10.063902199
8;1;deciduous;2018;10.063902199
8;1;deciduous;2019;10.063902199
8;1;deciduous;2020;10.063902199
8;1;deciduous;2021;10.063902199
8;2;pine;2015;5.16161684530544
8;2;pine;2016;5.16161684530544
8;2;pine;2017;5.16161684530544
8;2;pine;2018;5.16161684530544
8;2;pine;2019;5.16161684530544
8;2;pine;2020;5.16161684530544
8;2;pine;2021;5.16161684530544
8;2;spruce;2015;8.21924133997943
8;2;spruce;2016;8.21924133997943
8;2;spruce;2017;8.21924133997943
8;2;spruce;2018;8.21924133997943
8;2;spruce;2019;8.21924133997943
8;2;spruce;2020;8.21924133997943
8;2;spruce;2021;8.21924133997943
8;2;deciduous;2015;6.71198116741517
8;2;deciduous;2016;6.71198116741517
8;2;deciduous;2017;6.71198116741517
8;2;deciduous;2018;6.71198116741517
8;2;deciduous;2019;6.71198116741517
8;2;deciduous;2020;6.71198116741517
8;2;deciduous;2021;6.71198116741517
8;4;pine;2015;15.3985177336515
8;4;pine;2016;15.3985177336515
8;4;pine;2017;15.3985177336515
8;4;pine;2018;15.3985177336515
8;4;pine;2019;15.3985177336515
8;4;pine;2020;15.3985177336515
8;4;pine;2021;15.3985177336515
8;4;spruce;2015;2.86498785857082
8;4;spruce;2016;2.86498785857082
8;4;spruce;2017;2.86498785857082
8;4;spruce;2018;2.86498785857082
8;4;spruce;2019;2.86498785857082
8;4;spruce;2020;2.86498785857082
8;4;spruce;2021;2.86498785857082
8;4;deciduous;2015;3.68979561921058
8;4;deciduous;2016;3.68979561921058
8;4;deciduous;2017;3.68979561921058
8;4;deciduous;2018;3.68979561921058
8;4;deciduous;2019;3.68979561921058
8;4;deciduous;2020;3.68979561921058
8;4;deciduous;2021;3.68979561921058
8;6;pine;2015;14.865617068
8;6;pine;2016;14.865617068
8;6;pine;2017;14.865617068
8;6;pine;2018;14.865617068
8;6;pine;2019;14.865617068
8;6;pine;2020;14.865617068
8;6;pine;2021;14.865617068
8;6;spruce;2015;0.0517035323
8;6;spruce;2016;0.0517035323
8;6;spruce;2017;0.0517035323
8;6;spruce;2018;0.0517035323
8;6;spruce;2019;0.0517035323
8;6;spruce;2020;0.0517035323
8;6;spruce;2021;0.0517035323
8;6;deciduous;2015;0.6735795689
8;6;deciduous;2016;0.6735795689
8;6;deciduous;2017;0.6735795689
8;6;deciduous;2018;0.6735795689
8;6;deciduous;2019;0.6735795689
8;6;deciduous;2020;0.6735795689
8;6;deciduous;2021;0.6735795689
8;7;pine;2015;0
8;7;pine;2016;0
8;7;pine;2017;0
8;7;pine;2018;0
8;7;pine;2019;0
8;7;pine;2020;0
8;7;pine;2021;0
8;7;spruce;2015;0
8;7;spruce;2016;0
8;7;spruce;2017;0
8;7;spruce;2018;0
8;7;spruce;2019;0
8;7;spruce;2020;0
8;7;spruce;2021;0
8;7;deciduous;2015;0
8;7;deciduous;2016;0
8;7;deciduous;2017;0
8;7;deciduous;2018;0
8;7;deciduous;2019;0
8;7;deciduous;2020;0
8;7;deciduous;2021;0
9;1;pine;2015;6.3773137301
9;1;pine;2016;6.3773137301
9;1;pine;2017;6.3773137301
9;1;pine;2018;6.3773137301
9;1;pine;2019;6.3773137301
9;1;pine;2020;6.3773137301
9;1;pine;2021;6.3773137301
9;1;spruce;2015;6.9010374747
9;1;spruce;2016;6.9010374747
9;1;spruce;2017;6.9010374747
9;1;spruce;2018;6.9010374747
9;1;spruce;2019;6.9010374747
9;1;spruce;2020;6.9010374747
9;1;spruce;2021;6.9010374747
9;1;deciduous;2015;7.427262338
9;1;deciduous;2016;7.427262338
9;1;deciduous;2017;7.427262338
9;1;deciduous;2018;7.427262338
9;1;deciduous;2019;7.427262338
9;1;deciduous;2020;7.427262338
9;1;deciduous;2021;7.427262338
9;2;pine;2015;7.76005906834151
9;2;pine;2016;7.76005906834151
9;2;pine;2017;7.76005906834151
9;2;pine;2018;7.76005906834151
9;2;pine;2019;7.76005906834151
9;2;pine;2020;7.76005906834151
9;2;pine;2021;7.76005906834151
9;2;spruce;2015;7.79379347251954
9;2;spruce;2016;7.79379347251954
9;2;spruce;2017;7.79379347251954
9;2;spruce;2018;7.79379347251954
9;2;spruce;2019;7.79379347251954
9;2;spruce;2020;7.79379347251954
9;2;spruce;2021;7.79379347251954
9;2;deciduous;2015;5.47099495368805
9;2;deciduous;2016;5.47099495368805
9;2;deciduous;2017;5.47099495368805
9;2;deciduous;2018;5.47099495368805
9;2;deciduous;2019;5.47099495368805
9;2;deciduous;2020;5.47099495368805
9;2;deciduous;2021;5.47099495368805
9;4;pine;2015;14.78389838769
9;4;pine;2016;14.78389838769
9;4;pine;2017;14.78389838769
9;4;pine;2018;14.78389838769
9;4;pine;2019;14.78389838769
9;4;pine;2020;14.78389838769
9;4;pine;2021;14.78389838769
9;4;spruce;2015;1.73934954138283
9;4;spruce;2016;1.73934954138283
9;4;spruce;2017;1.73934954138283
9;4;spruce;2018;1.73934954138283
9;4;spruce;2019;1.73934954138283
9;4;spruce;2020;1.73934954138283
9;4;spruce;2021;1.73934954138283
9;4;deciduous;2015;2.58907104156435
9;4;deciduous;2016;2.58907104156435
9;4;deciduous;2017;2.58907104156435
9;4;deciduous;2018;2.58907104156435
9;4;deciduous;2019;2.58907104156435
9;4;deciduous;2020;2.58907104156435
9;4;deciduous;2021;2.58907104156435
9;6;pine;2015;12.555051233
9;6;pine;2016;12.555051233
9;6;pine;2017;12.555051233
9;6;pine;2018;12.555051233
9;6;pine;2019;12.555051233
9;6;pine;2020;12.555051233
9;6;pine;2021;12.555051233
9;6;spruce;2015;0.2088687222
9;6;spruce;2016;0.2088687222
9;6;spruce;2017;0.2088687222
9;6;spruce;2018;0.2088687222
9;6;spruce;2019;0.2088687222
9;6;spruce;2020;0.2088687222
9;6;spruce;2021;0.2088687222
9;6;deciduous;2015;0.6184561117
9;6;deciduous;2016;0.6184561117
9;6;deciduous;2017;0.6184561117
9;6;deciduous;2018;0.6184561117
9;6;deciduous;2019;0.6184561117
9;6;deciduous;2020;0.6184561117
9;6;deciduous;2021;0.6184561117
9;7;pine;2015;0
9;7;pine;2016;0
9;7;pine;2017;0
9;7;pine;2018;0
9;7;pine;2019;0
9;7;pine;2020;0
9;7;pine;2021;0
9;7;spruce;2015;0
9;7;spruce;2016;0
9;7;spruce;2017;0
9;7;spruce;2018;0
9;7;spruce;2019;0
9;7;spruce;2020;0
9;7;spruce;2021;0
9;7;deciduous;2015;0
9;7;deciduous;2016;0
9;7;deciduous;2017;0
9;7;deciduous;2018;0
9;7;deciduous;2019;0
9;7;deciduous;2020;0
9;7;deciduous;2021;0
10;1;pine;2015;1.7282121972
10;1;pine;2016;1.7282121972
10;1;pine;2017;1.7282121972
10;1;pine;2018;1.7282121972
10;1;pine;2019;1.7282121972
10;1;pine;2020;1.7282121972
10;1;pine;2021;1.7282121972
10;1;spruce;2015;9.2437737859
10;1;spruce;2016;9.2437737859
10;1;spruce;2017;9.2437737859
10;1;spruce;2018;9.2437737859
10;1;spruce;2019;9.2437737859
10;1;spruce;2020;9.2437737859
10;1;spruce;2021;9.2437737859
10;1;deciduous;2015;7.2915796225
10;1;deciduous;2016;7.2915796225
10;1;deciduous;2017;7.2915796225
10;1;deciduous;2018;7.2915796225
10;1;deciduous;2019;7.2915796225
10;1;deciduous;2020;7.2915796225
10;1;deciduous;2021;7.2915796225
10;2;pine;2015;6.89548347414808
10;2;pine;2016;6.89548347414808
10;2;pine;2017;6.89548347414808
10;2;pine;2018;6.89548347414808
10;2;pine;2019;6.89548347414808
10;2;pine;2020;6.89548347414808
10;2;pine;2021;6.89548347414808
10;2;spruce;2015;7.91023832485529
10;2;spruce;2016;7.91023832485529
10;2;spruce;2017;7.91023832485529
10;2;spruce;2018;7.91023832485529
10;2;spruce;2019;7.91023832485529
10;2;spruce;2020;7.91023832485529
10;2;spruce;2021;7.91023832485529
10;2;deciduous;2015;4.92967227435156
10;2;deciduous;2016;4.92967227435156
10;2;deciduous;2017;4.92967227435156
10;2;deciduous;2018;4.92967227435156
10;2;deciduous;2019;4.92967227435156
10;2;deciduous;2020;4.92967227435156
10;2;deciduous;2021;4.92967227435156
10;4;pine;2015;13.009772126276
10;4;pine;2016;13.009772126276
10;4;pine;2017;13.009772126276
10;4;pine;2018;13.009772126276
10;4;pine;2019;13.009772126276
10;4;pine;2020;13.009772126276
10;4;pine;2021;13.009772126276
10;4;spruce;2015;1.91389519079983
10;4;spruce;2016;1.91389519079983
10;4;spruce;2017;1.91389519079983
10;4;spruce;2018;1.91389519079983
10;4;spruce;2019;1.91389519079983
10;4;spruce;2020;1.91389519079983
10;4;spruce;2021;1.91389519079983
10;4;deciduous;2015;2.4023020104856
10;4;deciduous;2016;2.4023020104856
10;4;deciduous;2017;2.4023020104856
10;4;deciduous;2018;2.4023020104856
10;4;deciduous;2019;2.4023020104856
10;4;deciduous;2020;2.4023020104856
10;4;deciduous;2021;2.4023020104856
10;6;pine;2015;12.95840981
10;6;pine;2016;12.95840981
10;6;pine;2017;12.95840981
10;6;pine;2018;12.95840981
10;6;pine;2019;12.95840981
10;6;pine;2020;12.95840981
10;6;pine;2021;12.95840981
10;6;spruce;2015;0.3991278618
10;6;spruce;2016;0.3991278618
10;6;spruce;2017;0.3991278618
10;6;spruce;2018;0.3991278618
10;6;spruce;2019;0.3991278618
10;6;spruce;2020;0.3991278618
10;6;spruce;2021;0.3991278618
10;6;deciduous;2015;0.92366255
10;6;deciduous;2016;0.92366255
10;6;deciduous;2017;0.92366255
10;6;deciduous;2018;0.92366255
10;6;deciduous;2019;0.92366255
10;6;deciduous;2020;0.92366255
10;6;deciduous;2021;0.92366255
10;7;pine;2015;0
10;7;pine;2016;0
10;7;pine;2017;0
10;7;pine;2018;0
10;7;pine;2019;0
10;7;pine;2020;0
10;7;pine;2021;0
10;7;spruce;2015;0
10;7;spruce;2016;0
10;7;spruce;2017;0
10;7;spruce;2018;0
10;7;spruce;2019;0
10;7;spruce;2020;0
10;7;spruce;2021;0
10;7;deciduous;2015;0
10;7;deciduous;2016;0
10;7;deciduous;2017;0
10;7;deciduous;2018;0
10;7;deciduous;2019;0
10;7;deciduous;2020;0
10;7;deciduous;2021;0
11;1;pine;2015;2.4308076144
11;1;pine;2016;2.4308076144
11;1;pine;2017;2.4308076144
11;1;pine;2018;2.4308076144
11;1;pine;2019;2.4308076144
11;1;pine;2020;2.4308076144
11;1;pine;2021;2.4308076144
11;1;spruce;2015;10.189941914
11;1;spruce;2016;10.189941914
11;1;spruce;2017;10.189941914
11;1;spruce;2018;10.189941914
11;1;spruce;2019;10.189941914
11;1;spruce;2020;10.189941914
11;1;spruce;2021;10.189941914
11;1;deciduous;2015;6.8651471803
11;1;deciduous;2016;6.8651471803
11;1;deciduous;2017;6.8651471803
11;1;deciduous;2018;6.8651471803
11;1;deciduous;2019;6.8651471803
11;1;deciduous;2020;6.8651471803
11;1;deciduous;2021;6.8651471803
11;2;pine;2015;5.3705848757341
11;2;pine;2016;5.3705848757341
11;2;pine;2017;5.3705848757341
11;2;pine;2018;5.3705848757341
11;2;pine;2019;5.3705848757341
11;2;pine;2020;5.3705848757341
11;2;pine;2021;5.3705848757341
11;2;spruce;2015;7.71223112681897
11;2;spruce;2016;7.71223112681897
11;2;spruce;2017;7.71223112681897
11;2;spruce;2018;7.71223112681897
11;2;spruce;2019;7.71223112681897
11;2;spruce;2020;7.71223112681897
11;2;spruce;2021;7.71223112681897
11;2;deciduous;2015;5.02070769478209
11;2;deciduous;2016;5.02070769478209
11;2;deciduous;2017;5.02070769478209
11;2;deciduous;2018;5.02070769478209
11;2;deciduous;2019;5.02070769478209
11;2;deciduous;2020;5.02070769478209
11;2;deciduous;2021;5.02070769478209
11;4;pine;2015;11.8149577681506
11;4;pine;2016;11.8149577681506
11;4;pine;2017;11.8149577681506
11;4;pine;2018;11.8149577681506
11;4;pine;2019;11.8149577681506
11;4;pine;2020;11.8149577681506
11;4;pine;2021;11.8149577681506
11;4;spruce;2015;2.29876257948229
11;4;spruce;2016;2.29876257948229
11;4;spruce;2017;2.29876257948229
11;4;spruce;2018;2.29876257948229
11;4;spruce;2019;2.29876257948229
11;4;spruce;2020;2.29876257948229
11;4;spruce;2021;2.29876257948229
11;4;deciduous;2015;3.01499256901495
11;4;deciduous;2016;3.01499256901495
11;4;deciduous;2017;3.01499256901495
11;4;deciduous;2018;3.01499256901495
11;4;deciduous;2019;3.01499256901495
11;4;deciduous;2020;3.01499256901495
11;4;deciduous;2021;3.01499256901495
11;6;pine;2015;12.47382048
11;6;pine;2016;12.47382048
11;6;pine;2017;12.47382048
11;6;pine;2018;12.47382048
11;6;pine;2019;12.47382048
11;6;pine;2020;12.47382048
11;6;pine;2021;12.47382048
11;6;spruce;2015;0.4201674136
11;6;spruce;2016;0.4201674136
11;6;spruce;2017;0.4201674136
11;6;spruce;2018;0.4201674136
11;6;spruce;2019;0.4201674136
11;6;spruce;2020;0.4201674136
11;6;spruce;2021;0.4201674136
11;6;deciduous;2015;0.9997739026
11;6;deciduous;2016;0.9997739026
11;6;deciduous;2017;0.9997739026
11;6;deciduous;2018;0.9997739026
11;6;deciduous;2019;0.9997739026
11;6;deciduous;2020;0.9997739026
11;6;deciduous;2021;0.9997739026
11;7;pine;2015;6.1129768735
11;7;pine;2016;6.1129768735
11;7;pine;2017;6.1129768735
11;7;pine;2018;6.1129768735
11;7;pine;2019;6.1129768735
11;7;pine;2020;6.1129768735
11;7;pine;2021;6.1129768735
11;7;spruce;2015;0
11;7;spruce;2016;0
11;7;spruce;2017;0
11;7;spruce;2018;0
11;7;spruce;2019;0
11;7;spruce;2020;0
11;7;spruce;2021;0
11;7;deciduous;2015;0.6528771189
11;7;deciduous;2016;0.6528771189
11;7;deciduous;2017;0.6528771189
11;7;deciduous;2018;0.6528771189
11;7;deciduous;2019;0.6528771189
11;7;deciduous;2020;0.6528771189
11;7;deciduous;2021;0.6528771189
12;1;pine;2015;3.1453464086
12;1;pine;2016;3.1453464086
12;1;pine;2017;3.1453464086
12;1;pine;2018;3.1453464086
12;1;pine;2019;3.1453464086
12;1;pine;2020;3.1453464086
12;1;pine;2021;3.1453464086
12;1;spruce;2015;5.8188618868
12;1;spruce;2016;5.8188618868
12;1;spruce;2017;5.8188618868
12;1;spruce;2018;5.8188618868
12;1;spruce;2019;5.8188618868
12;1;spruce;2020;5.8188618868
12;1;spruce;2021;5.8188618868
12;1;deciduous;2015;7.5587546626
12;1;deciduous;2016;7.5587546626
12;1;deciduous;2017;7.5587546626
12;1;deciduous;2018;7.5587546626
12;1;deciduous;2019;7.5587546626
12;1;deciduous;2020;7.5587546626
12;1;deciduous;2021;7.5587546626
12;2;pine;2015;7.88064618276135
12;2;pine;2016;7.88064618276135
12;2;pine;2017;7.88064618276135
12;2;pine;2018;7.88064618276135
12;2;pine;2019;7.88064618276135
12;2;pine;2020;7.88064618276135
12;2;pine;2021;7.88064618276135
12;2;spruce;2015;7.19897956791941
12;2;spruce;2016;7.19897956791941
12;2;spruce;2017;7.19897956791941
12;2;spruce;2018;7.19897956791941
12;2;spruce;2019;7.19897956791941
12;2;spruce;2020;7.19897956791941
12;2;spruce;2021;7.19897956791941
12;2;deciduous;2015;5.36373684687923
12;2;deciduous;2016;5.36373684687923
12;2;deciduous;2017;5.36373684687923
12;2;deciduous;2018;5.36373684687923
12;2;deciduous;2019;5.36373684687923
12;2;deciduous;2020;5.36373684687923
12;2;deciduous;2021;5.36373684687923
12;4;pine;2015;12.2639419448639
12;4;pine;2016;12.2639419448639
12;4;pine;2017;12.2639419448639
12;4;pine;2018;12.2639419448639
12;4;pine;2019;12.2639419448639
12;4;pine;2020;12.2639419448639
12;4;pine;2021;12.2639419448639
12;4;spruce;2015;1.84441855879244
12;4;spruce;2016;1.84441855879244
12;4;spruce;2017;1.84441855879244
12;4;spruce;2018;1.84441855879244
12;4;spruce;2019;1.84441855879244
12;4;spruce;2020;1.84441855879244
12;4;spruce;2021;1.84441855879244
12;4;deciduous;2015;2.96635808419719
12;4;deciduous;2016;2.96635808419719
12;4;deciduous;2017;2.96635808419719
12;4;deciduous;2018;2.96635808419719
12;4;deciduous;2019;2.96635808419719
12;4;deciduous;2020;2.96635808419719
12;4;deciduous;2021;2.96635808419719
12;6;pine;2015;11.482630338
12;6;pine;2016;11.482630338
12;6;pine;2017;11.482630338
12;6;pine;2018;11.482630338
12;6;pine;2019;11.482630338
12;6;pine;2020;11.482630338
12;6;pine;2021;11.482630338
12;6;spruce;2015;0.2722362388
12;6;spruce;2016;0.2722362388
12;6;spruce;2017;0.2722362388
12;6;spruce;2018;0.2722362388
12;6;spruce;2019;0.2722362388
12;6;spruce;2020;0.2722362388
12;6;spruce;2021;0.2722362388
12;6;deciduous;2015;0.595036895
12;6;deciduous;2016;0.595036895
12;6;deciduous;2017;0.595036895
12;6;deciduous;2018;0.595036895
12;6;deciduous;2019;0.595036895
12;6;deciduous;2020;0.595036895
12;6;deciduous;2021;0.595036895
12;7;pine;2015;5.6918006564
12;7;pine;2016;5.6918006564
12;7;pine;2017;5.6918006564
12;7;pine;2018;5.6918006564
12;7;pine;2019;5.6918006564
12;7;pine;2020;5.6918006564
12;7;pine;2021;5.6918006564
12;7;spruce;2015;0
12;7;spruce;2016;0
12;7;spruce;2017;0
12;7;spruce;2018;0
12;7;spruce;2019;0
12;7;spruce;2020;0
12;7;spruce;2021;0
12;7;deciduous;2015;0.0258682015
12;7;deciduous;2016;0.0258682015
12;7;deciduous;2017;0.0258682015
12;7;deciduous;2018;0.0258682015
12;7;deciduous;2019;0.0258682015
12;7;deciduous;2020;0.0258682015
12;7;deciduous;2021;0.0258682015
13;1;pine;2015;1.9339895062
13;1;pine;2016;1.9339895062
13;1;pine;2017;1.9339895062
13;1;pine;2018;1.9339895062
13;1;pine;2019;1.9339895062
13;1;pine;2020;1.9339895062
13;1;pine;2021;1.9339895062
13;1;spruce;2015;11.2050551
13;1;spruce;2016;11.2050551
13;1;spruce;2017;11.2050551
13;1;spruce;2018;11.2050551
13;1;spruce;2019;11.2050551
13;1;spruce;2020;11.2050551
13;1;spruce;2021;11.2050551
13;1;deciduous;2015;9.1419698181
13;1;deciduous;2016;9.1419698181
13;1;deciduous;2017;9.1419698181
13;1;deciduous;2018;9.1419698181
13;1;deciduous;2019;9.1419698181
13;1;deciduous;2020;9.1419698181
13;1;deciduous;2021;9.1419698181
13;2;pine;2015;6.22550805057667
13;2;pine;2016;6.22550805057667
13;2;pine;2017;6.22550805057667
13;2;pine;2018;6.22550805057667
13;2;pine;2019;6.22550805057667
13;2;pine;2020;6.22550805057667
13;2;pine;2021;6.22550805057667
13;2;spruce;2015;8.00172471696253
13;2;spruce;2016;8.00172471696253
13;2;spruce;2017;8.00172471696253
13;2;spruce;2018;8.00172471696253
13;2;spruce;2019;8.00172471696253
13;2;spruce;2020;8.00172471696253
13;2;spruce;2021;8.00172471696253
13;2;deciduous;2015;5.853208037708
13;2;deciduous;2016;5.853208037708
13;2;deciduous;2017;5.853208037708
13;2;deciduous;2018;5.853208037708
13;2;deciduous;2019;5.853208037708
13;2;deciduous;2020;5.853208037708
13;2;deciduous;2021;5.853208037708
13;4;pine;2015;13.147486077182
13;4;pine;2016;13.147486077182
13;4;pine;2017;13.147486077182
13;4;pine;2018;13.147486077182
13;4;pine;2019;13.147486077182
13;4;pine;2020;13.147486077182
13;4;pine;2021;13.147486077182
13;4;spruce;2015;1.70611062150941
13;4;spruce;2016;1.70611062150941
13;4;spruce;2017;1.70611062150941
13;4;spruce;2018;1.70611062150941
13;4;spruce;2019;1.70611062150941
13;4;spruce;2020;1.70611062150941
13;4;spruce;2021;1.70611062150941
13;4;deciduous;2015;3.45569734096321
13;4;deciduous;2016;3.45569734096321
13;4;deciduous;2017;3.45569734096321
13;4;deciduous;2018;3.45569734096321
13;4;deciduous;2019;3.45569734096321
13;4;deciduous;2020;3.45569734096321
13;4;deciduous;2021;3.45569734096321
13;6;pine;2015;11.830628708
13;6;pine;2016;11.830628708
13;6;pine;2017;11.830628708
13;6;pine;2018;11.830628708
13;6;pine;2019;11.830628708
13;6;pine;2020;11.830628708
13;6;pine;2021;11.830628708
13;6;spruce;2015;0.1805376134
13;6;spruce;2016;0.1805376134
13;6;spruce;2017;0.1805376134
13;6;spruce;2018;0.1805376134
13;6;spruce;2019;0.1805376134
13;6;spruce;2020;0.1805376134
13;6;spruce;2021;0.1805376134
13;6;deciduous;2015;0.8580098486
13;6;deciduous;2016;0.8580098486
13;6;deciduous;2017;0.8580098486
13;6;deciduous;2018;0.8580098486
13;6;deciduous;2019;0.8580098486
13;6;deciduous;2020;0.8580098486
13;6;deciduous;2021;0.8580098486
13;7;pine;2015;6.0857637163
13;7;pine;2016;6.0857637163
13;7;pine;2017;6.0857637163
13;7;pine;2018;6.0857637163
13;7;pine;2019;6.0857637163
13;7;pine;2020;6.0857637163
13;7;pine;2021;6.0857637163
13;7;spruce;2015;0.3377401791
13;7;spruce;2016;0.3377401791
13;7;spruce;2017;0.3377401791
13;7;spruce;2018;0.3377401791
13;7;spruce;2019;0.3377401791
13;7;spruce;2020;0.3377401791
13;7;spruce;2021;0.3377401791
13;7;deciduous;2015;1.0287354453
13;7;deciduous;2016;1.0287354453
13;7;deciduous;2017;1.0287354453
13;7;deciduous;2018;1.0287354453
13;7;deciduous;2019;1.0287354453
13;7;deciduous;2020;1.0287354453
13;7;deciduous;2021;1.0287354453
14;1;pine;2015;3.4360655093
14;1;pine;2016;3.4360655093
14;1;pine;2017;3.4360655093
14;1;pine;2018;3.4360655093
14;1;pine;2019;3.4360655093
14;1;pine;2020;3.4360655093
14;1;pine;2021;3.4360655093
14;1;spruce;2015;7.4050365759
14;1;spruce;2016;7.4050365759
14;1;spruce;2017;7.4050365759
14;1;spruce;2018;7.4050365759
14;1;spruce;2019;7.4050365759
14;1;spruce;2020;7.4050365759
14;1;spruce;2021;7.4050365759
14;1;deciduous;2015;8.9113114425
14;1;deciduous;2016;8.9113114425
14;1;deciduous;2017;8.9113114425
14;1;deciduous;2018;8.9113114425
14;1;deciduous;2019;8.9113114425
14;1;deciduous;2020;8.9113114425
14;1;deciduous;2021;8.9113114425
14;2;pine;2015;6.36253865944966
14;2;pine;2016;6.36253865944966
14;2;pine;2017;6.36253865944966
14;2;pine;2018;6.36253865944966
14;2;pine;2019;6.36253865944966
14;2;pine;2020;6.36253865944966
14;2;pine;2021;6.36253865944966
14;2;spruce;2015;7.96452968961533
14;2;spruce;2016;7.96452968961533
14;2;spruce;2017;7.96452968961533
14;2;spruce;2018;7.96452968961533
14;2;spruce;2019;7.96452968961533
14;2;spruce;2020;7.96452968961533
14;2;spruce;2021;7.96452968961533
14;2;deciduous;2015;6.06551324901976
14;2;deciduous;2016;6.06551324901976
14;2;deciduous;2017;6.06551324901976
14;2;deciduous;2018;6.06551324901976
14;2;deciduous;2019;6.06551324901976
14;2;deciduous;2020;6.06551324901976
14;2;deciduous;2021;6.06551324901976
14;4;pine;2015;12.6408135162443
14;4;pine;2016;12.6408135162443
14;4;pine;2017;12.6408135162443
14;4;pine;2018;12.6408135162443
14;4;pine;2019;12.6408135162443
14;4;pine;2020;12.6408135162443
14;4;pine;2021;12.6408135162443
14;4;spruce;2015;1.53013734707649
14;4;spruce;2016;1.53013734707649
14;4;spruce;2017;1.53013734707649
14;4;spruce;2018;1.53013734707649
14;4;spruce;2019;1.53013734707649
14;4;spruce;2020;1.53013734707649
14;4;spruce;2021;1.53013734707649
14;4;deciduous;2015;3.16172423988594
14;4;deciduous;2016;3.16172423988594
14;4;deciduous;2017;3.16172423988594
14;4;deciduous;2018;3.16172423988594
14;4;deciduous;2019;3.16172423988594
14;4;deciduous;2020;3.16172423988594
14;4;deciduous;2021;3.16172423988594
14;6;pine;2015;12.371837211
14;6;pine;2016;12.371837211
14;6;pine;2017;12.371837211
14;6;pine;2018;12.371837211
14;6;pine;2019;12.371837211
14;6;pine;2020;12.371837211
14;6;pine;2021;12.371837211
14;6;spruce;2015;0.1299850794
14;6;spruce;2016;0.1299850794
14;6;spruce;2017;0.1299850794
14;6;spruce;2018;0.1299850794
14;6;spruce;2019;0.1299850794
14;6;spruce;2020;0.1299850794
14;6;spruce;2021;0.1299850794
14;6;deciduous;2015;0.9455468332
14;6;deciduous;2016;0.9455468332
14;6;deciduous;2017;0.9455468332
14;6;deciduous;2018;0.9455468332
14;6;deciduous;2019;0.9455468332
14;6;deciduous;2020;0.9455468332
14;6;deciduous;2021;0.9455468332
14;7;pine;2015;8.361583088
14;7;pine;2016;8.361583088
14;7;pine;2017;8.361583088
14;7;pine;2018;8.361583088
14;7;pine;2019;8.361583088
14;7;pine;2020;8.361583088
14;7;pine;2021;8.361583088
14;7;spruce;2015;0
14;7;spruce;2016;0
14;7;spruce;2017;0
14;7;spruce;2018;0
14;7;spruce;2019;0
14;7;spruce;2020;0
14;7;spruce;2021;0
14;7;deciduous;2015;0.1446160458
14;7;deciduous;2016;0.1446160458
14;7;deciduous;2017;0.1446160458
14;7;deciduous;2018;0.1446160458
14;7;deciduous;2019;0.1446160458
14;7;deciduous;2020;0.1446160458
14;7;deciduous;2021;0.1446160458
15;1;pine;2015;2.9158150077
15;1;pine;2016;2.9158150077
15;1;pine;2017;2.9158150077
15;1;pine;2018;2.9158150077
15;1;pine;2019;2.9158150077
15;1;pine;2020;2.9158150077
15;1;pine;2021;2.9158150077
15;1;spruce;2015;12.853372073
15;1;spruce;2016;12.853372073
15;1;spruce;2017;12.853372073
15;1;spruce;2018;12.853372073
15;1;spruce;2019;12.853372073
15;1;spruce;2020;12.853372073
15;1;spruce;2021;12.853372073
15;1;deciduous;2015;7.8989573295
15;1;deciduous;2016;7.8989573295
15;1;deciduous;2017;7.8989573295
15;1;deciduous;2018;7.8989573295
15;1;deciduous;2019;7.8989573295
15;1;deciduous;2020;7.8989573295
15;1;deciduous;2021;7.8989573295
15;2;pine;2015;4.78775696788951
15;2;pine;2016;4.78775696788951
15;2;pine;2017;4.78775696788951
15;2;pine;2018;4.78775696788951
15;2;pine;2019;4.78775696788951
15;2;pine;2020;4.78775696788951
15;2;pine;2021;4.78775696788951
15;2;spruce;2015;10.2147506605471
15;2;spruce;2016;10.2147506605471
15;2;spruce;2017;10.2147506605471
15;2;spruce;2018;10.2147506605471
15;2;spruce;2019;10.2147506605471
15;2;spruce;2020;10.2147506605471
15;2;spruce;2021;10.2147506605471
15;2;deciduous;2015;6.32301133253491
15;2;deciduous;2016;6.32301133253491
15;2;deciduous;2017;6.32301133253491
15;2;deciduous;2018;6.32301133253491
15;2;deciduous;2019;6.32301133253491
15;2;deciduous;2020;6.32301133253491
15;2;deciduous;2021;6.32301133253491
15;4;pine;2015;12.8847823989334
15;4;pine;2016;12.8847823989334
15;4;pine;2017;12.8847823989334
15;4;pine;2018;12.8847823989334
15;4;pine;2019;12.8847823989334
15;4;pine;2020;12.8847823989334
15;4;pine;2021;12.8847823989334
15;4;spruce;2015;2.02582672177827
15;4;spruce;2016;2.02582672177827
15;4;spruce;2017;2.02582672177827
15;4;spruce;2018;2.02582672177827
15;4;spruce;2019;2.02582672177827
15;4;spruce;2020;2.02582672177827
15;4;spruce;2021;2.02582672177827
15;4;deciduous;2015;4.37624370557998
15;4;deciduous;2016;4.37624370557998
15;4;deciduous;2017;4.37624370557998
15;4;deciduous;2018;4.37624370557998
15;4;deciduous;2019;4.37624370557998
15;4;deciduous;2020;4.37624370557998
15;4;deciduous;2021;4.37624370557998
15;6;pine;2015;13.062790386
15;6;pine;2016;13.062790386
15;6;pine;2017;13.062790386
15;6;pine;2018;13.062790386
15;6;pine;2019;13.062790386
15;6;pine;2020;13.062790386
15;6;pine;2021;13.062790386
15;6;spruce;2015;0.0299145068
15;6;spruce;2016;0.0299145068
15;6;spruce;2017;0.0299145068
15;6;spruce;2018;0.0299145068
15;6;spruce;2019;0.0299145068
15;6;spruce;2020;0.0299145068
15;6;spruce;2021;0.0299145068
15;6;deciduous;2015;0.8331379124
15;6;deciduous;2016;0.8331379124
15;6;deciduous;2017;0.8331379124
15;6;deciduous;2018;0.8331379124
15;6;deciduous;2019;0.8331379124
15;6;deciduous;2020;0.8331379124
15;6;deciduous;2021;0.8331379124
15;7;pine;2015;5.2831761132
15;7;pine;2016;5.2831761132
15;7;pine;2017;5.2831761132
15;7;pine;2018;5.2831761132
15;7;pine;2019;5.2831761132
15;7;pine;2020;5.2831761132
15;7;pine;2021;5.2831761132
15;7;spruce;2015;0
15;7;spruce;2016;0
15;7;spruce;2017;0
15;7;spruce;2018;0
15;7;spruce;2019;0
15;7;spruce;2020;0
15;7;spruce;2021;0
15;7;deciduous;2015;0
15;7;deciduous;2016;0
15;7;deciduous;2017;0
15;7;deciduous;2018;0
15;7;deciduous;2019;0
15;7;deciduous;2020;0
15;7;deciduous;2021;0
16;1;pine;2015;3.8336573765
16;1;pine;2016;3.8336573765
16;1;pine;2017;3.8336573765
16;1;pine;2018;3.8336573765
16;1;pine;2019;3.8336573765
16;1;pine;2020;3.8336573765
16;1;pine;2021;3.8336573765
16;1;spruce;2015;7.9329751526
16;1;spruce;2016;7.9329751526
16;1;spruce;2017;7.9329751526
16;1;spruce;2018;7.9329751526
16;1;spruce;2019;7.9329751526
16;1;spruce;2020;7.9329751526
16;1;spruce;2021;7.9329751526
16;1;deciduous;2015;12.649771322
16;1;deciduous;2016;12.649771322
16;1;deciduous;2017;12.649771322
16;1;deciduous;2018;12.649771322
16;1;deciduous;2019;12.649771322
16;1;deciduous;2020;12.649771322
16;1;deciduous;2021;12.649771322
16;2;pine;2015;8.44284312307625
16;2;pine;2016;8.44284312307625
16;2;pine;2017;8.44284312307625
16;2;pine;2018;8.44284312307625
16;2;pine;2019;8.44284312307625
16;2;pine;2020;8.44284312307625
16;2;pine;2021;8.44284312307625
16;2;spruce;2015;5.23151947749347
16;2;spruce;2016;5.23151947749347
16;2;spruce;2017;5.23151947749347
16;2;spruce;2018;5.23151947749347
16;2;spruce;2019;5.23151947749347
16;2;spruce;2020;5.23151947749347
16;2;spruce;2021;5.23151947749347
16;2;deciduous;2015;6.47296494474474
16;2;deciduous;2016;6.47296494474474
16;2;deciduous;2017;6.47296494474474
16;2;deciduous;2018;6.47296494474474
16;2;deciduous;2019;6.47296494474474
16;2;deciduous;2020;6.47296494474474
16;2;deciduous;2021;6.47296494474474
16;4;pine;2015;12.1619157703582
16;4;pine;2016;12.1619157703582
16;4;pine;2017;12.1619157703582
16;4;pine;2018;12.1619157703582
16;4;pine;2019;12.1619157703582
16;4;pine;2020;12.1619157703582
16;4;pine;2021;12.1619157703582
16;4;spruce;2015;1.45239804866933
16;4;spruce;2016;1.45239804866933
16;4;spruce;2017;1.45239804866933
16;4;spruce;2018;1.45239804866933
16;4;spruce;2019;1.45239804866933
16;4;spruce;2020;1.45239804866933
16;4;spruce;2021;1.45239804866933
16;4;deciduous;2015;3.92332430287767
16;4;deciduous;2016;3.92332430287767
16;4;deciduous;2017;3.92332430287767
16;4;deciduous;2018;3.92332430287767
16;4;deciduous;2019;3.92332430287767
16;4;deciduous;2020;3.92332430287767
16;4;deciduous;2021;3.92332430287767
16;6;pine;2015;9.5327891519
16;6;pine;2016;9.5327891519
16;6;pine;2017;9.5327891519
16;6;pine;2018;9.5327891519
16;6;pine;2019;9.5327891519
16;6;pine;2020;9.5327891519
16;6;pine;2021;9.5327891519
16;6;spruce;2015;0.0598999886
16;6;spruce;2016;0.0598999886
16;6;spruce;2017;0.0598999886
16;6;spruce;2018;0.0598999886
16;6;spruce;2019;0.0598999886
16;6;spruce;2020;0.0598999886
16;6;spruce;2021;0.0598999886
16;6;deciduous;2015;0.9979537544
16;6;deciduous;2016;0.9979537544
16;6;deciduous;2017;0.9979537544
16;6;deciduous;2018;0.9979537544
16;6;deciduous;2019;0.9979537544
16;6;deciduous;2020;0.9979537544
16;6;deciduous;2021;0.9979537544
16;7;pine;2015;3.8263909253
16;7;pine;2016;3.8263909253
16;7;pine;2017;3.8263909253
16;7;pine;2018;3.8263909253
16;7;pine;2019;3.8263909253
16;7;pine;2020;3.8263909253
16;7;pine;2021;3.8263909253
16;7;spruce;2015;0
16;7;spruce;2016;0
16;7;spruce;2017;0
16;7;spruce;2018;0
16;7;spruce;2019;0
16;7;spruce;2020;0
16;7;spruce;2021;0
16;7;deciduous;2015;0
16;7;deciduous;2016;0
16;7;deciduous;2017;0
16;7;deciduous;2018;0
16;7;deciduous;2019;0
16;7;deciduous;2020;0
16;7;deciduous;2021;0
17;1;pine;2015;4.1101658237
17;1;pine;2016;4.1101658237
17;1;pine;2017;4.1101658237
17;1;pine;2018;4.1101658237
17;1;pine;2019;4.1101658237
17;1;pine;2020;4.1101658237
17;1;pine;2021;4.1101658237
17;1;spruce;2015;4.8977764598
17;1;spruce;2016;4.8977764598
17;1;spruce;2017;4.8977764598
17;1;spruce;2018;4.8977764598
17;1;spruce;2019;4.8977764598
17;1;spruce;2020;4.8977764598
17;1;spruce;2021;4.8977764598
17;1;deciduous;2015;6.7763668002
17;1;deciduous;2016;6.7763668002
17;1;deciduous;2017;6.7763668002
17;1;deciduous;2018;6.7763668002
17;1;deciduous;2019;6.7763668002
17;1;deciduous;2020;6.7763668002
17;1;deciduous;2021;6.7763668002
17;2;pine;2015;5.43095796468092
17;2;pine;2016;5.43095796468092
17;2;pine;2017;5.43095796468092
17;2;pine;2018;5.43095796468092
17;2;pine;2019;5.43095796468092
17;2;pine;2020;5.43095796468092
17;2;pine;2021;5.43095796468092
17;2;spruce;2015;6.59946100335618
17;2;spruce;2016;6.59946100335618
17;2;spruce;2017;6.59946100335618
17;2;spruce;2018;6.59946100335618
17;2;spruce;2019;6.59946100335618
17;2;spruce;2020;6.59946100335618
17;2;spruce;2021;6.59946100335618
17;2;deciduous;2015;6.99176930774263
17;2;deciduous;2016;6.99176930774263
17;2;deciduous;2017;6.99176930774263
17;2;deciduous;2018;6.99176930774263
17;2;deciduous;2019;6.99176930774263
17;2;deciduous;2020;6.99176930774263
17;2;deciduous;2021;6.99176930774263
17;4;pine;2015;10.2826495569319
17;4;pine;2016;10.2826495569319
17;4;pine;2017;10.2826495569319
17;4;pine;2018;10.2826495569319
17;4;pine;2019;10.2826495569319
17;4;pine;2020;10.2826495569319
17;4;pine;2021;10.2826495569319
17;4;spruce;2015;0.992956139142954
17;4;spruce;2016;0.992956139142954
17;4;spruce;2017;0.992956139142954
17;4;spruce;2018;0.992956139142954
17;4;spruce;2019;0.992956139142954
17;4;spruce;2020;0.992956139142954
17;4;spruce;2021;0.992956139142954
17;4;deciduous;2015;2.42267321785038
17;4;deciduous;2016;2.42267321785038
17;4;deciduous;2017;2.42267321785038
17;4;deciduous;2018;2.42267321785038
17;4;deciduous;2019;2.42267321785038
17;4;deciduous;2020;2.42267321785038
17;4;deciduous;2021;2.42267321785038
17;6;pine;2015;8.4101625496
17;6;pine;2016;8.4101625496
17;6;pine;2017;8.4101625496
17;6;pine;2018;8.4101625496
17;6;pine;2019;8.4101625496
17;6;pine;2020;8.4101625496
17;6;pine;2021;8.4101625496
17;6;spruce;2015;0.73935310495
17;6;spruce;2016;0.73935310495
17;6;spruce;2017;0.73935310495
17;6;spruce;2018;0.73935310495
17;6;spruce;2019;0.73935310495
17;6;spruce;2020;0.73935310495
17;6;spruce;2021;0.73935310495
17;6;deciduous;2015;0.70539135525
17;6;deciduous;2016;0.70539135525
17;6;deciduous;2017;0.70539135525
17;6;deciduous;2018;0.70539135525
17;6;deciduous;2019;0.70539135525
17;6;deciduous;2020;0.70539135525
17;6;deciduous;2021;0.70539135525
17;7;pine;2015;5.6168060752
17;7;pine;2016;5.6168060752
17;7;pine;2017;5.6168060752
17;7;pine;2018;5.6168060752
17;7;pine;2019;5.6168060752
17;7;pine;2020;5.6168060752
17;7;pine;2021;5.6168060752
17;7;spruce;2015;0.054775399
17;7;spruce;2016;0.054775399
17;7;spruce;2017;0.054775399
17;7;spruce;2018;0.054775399
17;7;spruce;2019;0.054775399
17;7;spruce;2020;0.054775399
17;7;spruce;2021;0.054775399
17;7;deciduous;2015;0.2461767951
17;7;deciduous;2016;0.2461767951
17;7;deciduous;2017;0.2461767951
17;7;deciduous;2018;0.2461767951
17;7;deciduous;2019;0.2461767951
17;7;deciduous;2020;0.2461767951
17;7;deciduous;2021;0.2461767951
18;1;pine;2015;4.2137993699
18;1;pine;2016;4.2137993699
18;1;pine;2017;4.2137993699
18;1;pine;2018;4.2137993699
18;1;pine;2019;4.2137993699
18;1;pine;2020;4.2137993699
18;1;pine;2021;4.2137993699
18;1;spruce;2015;6.2555431291
18;1;spruce;2016;6.2555431291
18;1;spruce;2017;6.2555431291
18;1;spruce;2018;6.2555431291
18;1;spruce;2019;6.2555431291
18;1;spruce;2020;6.2555431291
18;1;spruce;2021;6.2555431291
18;1;deciduous;2015;9.0841810843
18;1;deciduous;2016;9.0841810843
18;1;deciduous;2017;9.0841810843
18;1;deciduous;2018;9.0841810843
18;1;deciduous;2019;9.0841810843
18;1;deciduous;2020;9.0841810843
18;1;deciduous;2021;9.0841810843
18;2;pine;2015;6.96726015013167
18;2;pine;2016;6.96726015013167
18;2;pine;2017;6.96726015013167
18;2;pine;2018;6.96726015013167
18;2;pine;2019;6.96726015013167
18;2;pine;2020;6.96726015013167
18;2;pine;2021;6.96726015013167
18;2;spruce;2015;5.33727873261294
18;2;spruce;2016;5.33727873261294
18;2;spruce;2017;5.33727873261294
18;2;spruce;2018;5.33727873261294
18;2;spruce;2019;5.33727873261294
18;2;spruce;2020;5.33727873261294
18;2;spruce;2021;5.33727873261294
18;2;deciduous;2015;6.51602843395835
18;2;deciduous;2016;6.51602843395835
18;2;deciduous;2017;6.51602843395835
18;2;deciduous;2018;6.51602843395835
18;2;deciduous;2019;6.51602843395835
18;2;deciduous;2020;6.51602843395835
18;2;deciduous;2021;6.51602843395835
18;4;pine;2015;10.0077715308129
18;4;pine;2016;10.0077715308129
18;4;pine;2017;10.0077715308129
18;4;pine;2018;10.0077715308129
18;4;pine;2019;10.0077715308129
18;4;pine;2020;10.0077715308129
18;4;pine;2021;10.0077715308129
18;4;spruce;2015;1.54014769959621
18;4;spruce;2016;1.54014769959621
18;4;spruce;2017;1.54014769959621
18;4;spruce;2018;1.54014769959621
18;4;spruce;2019;1.54014769959621
18;4;spruce;2020;1.54014769959621
18;4;spruce;2021;1.54014769959621
18;4;deciduous;2015;3.1130953504843
18;4;deciduous;2016;3.1130953504843
18;4;deciduous;2017;3.1130953504843
18;4;deciduous;2018;3.1130953504843
18;4;deciduous;2019;3.1130953504843
18;4;deciduous;2020;3.1130953504843
18;4;deciduous;2021;3.1130953504843
18;6;pine;2015;9.9259662542
18;6;pine;2016;9.9259662542
18;6;pine;2017;9.9259662542
18;6;pine;2018;9.9259662542
18;6;pine;2019;9.9259662542
18;6;pine;2020;9.9259662542
18;6;pine;2021;9.9259662542
18;6;spruce;2015;0.4091323554
18;6;spruce;2016;0.4091323554
18;6;spruce;2017;0.4091323554
18;6;spruce;2018;0.4091323554
18;6;spruce;2019;0.4091323554
18;6;spruce;2020;0.4091323554
18;6;spruce;2021;0.4091323554
18;6;deciduous;2015;0.8845884775
18;6;deciduous;2016;0.8845884775
18;6;deciduous;2017;0.8845884775
18;6;deciduous;2018;0.8845884775
18;6;deciduous;2019;0.8845884775
18;6;deciduous;2020;0.8845884775
18;6;deciduous;2021;0.8845884775
18;7;pine;2015;4.8923310713
18;7;pine;2016;4.8923310713
18;7;pine;2017;4.8923310713
18;7;pine;2018;4.8923310713
18;7;pine;2019;4.8923310713
18;7;pine;2020;4.8923310713
18;7;pine;2021;4.8923310713
18;7;spruce;2015;0
18;7;spruce;2016;0
18;7;spruce;2017;0
18;7;spruce;2018;0
18;7;spruce;2019;0
18;7;spruce;2020;0
18;7;spruce;2021;0
18;7;deciduous;2015;0
18;7;deciduous;2016;0
18;7;deciduous;2017;0
18;7;deciduous;2018;0
18;7;deciduous;2019;0
18;7;deciduous;2020;0
18;7;deciduous;2021;0
19;1;pine;2015;0.9193814117
19;1;pine;2016;0.9193814117
19;1;pine;2017;0.9193814117
19;1;pine;2018;0.9193814117
19;1;pine;2019;0.9193814117
19;1;pine;2020;0.9193814117
19;1;pine;2021;0.9193814117
19;1;spruce;2015;5.7195574763
19;1;spruce;2016;5.7195574763
19;1;spruce;2017;5.7195574763
19;1;spruce;2018;5.7195574763
19;1;spruce;2019;5.7195574763
19;1;spruce;2020;5.7195574763
19;1;spruce;2021;5.7195574763
19;1;deciduous;2015;9.0951846714
19;1;deciduous;2016;9.0951846714
19;1;deciduous;2017;9.0951846714
19;1;deciduous;2018;9.0951846714
19;1;deciduous;2019;9.0951846714
19;1;deciduous;2020;9.0951846714
19;1;deciduous;2021;9.0951846714
19;2;pine;2015;5.63816179342995
19;2;pine;2016;5.63816179342995
19;2;pine;2017;5.63816179342995
19;2;pine;2018;5.63816179342995
19;2;pine;2019;5.63816179342995
19;2;pine;2020;5.63816179342995
19;2;pine;2021;5.63816179342995
19;2;spruce;2015;7.23206656611506
19;2;spruce;2016;7.23206656611506
19;2;spruce;2017;7.23206656611506
19;2;spruce;2018;7.23206656611506
19;2;spruce;2019;7.23206656611506
19;2;spruce;2020;7.23206656611506
19;2;spruce;2021;7.23206656611506
19;2;deciduous;2015;7.14315220924018
19;2;deciduous;2016;7.14315220924018
19;2;deciduous;2017;7.14315220924018
19;2;deciduous;2018;7.14315220924018
19;2;deciduous;2019;7.14315220924018
19;2;deciduous;2020;7.14315220924018
19;2;deciduous;2021;7.14315220924018
19;4;pine;2015;8.07929185574451
19;4;pine;2016;8.07929185574451
19;4;pine;2017;8.07929185574451
19;4;pine;2018;8.07929185574451
19;4;pine;2019;8.07929185574451
19;4;pine;2020;8.07929185574451
19;4;pine;2021;8.07929185574451
19;4;spruce;2015;2.34051522138248
19;4;spruce;2016;2.34051522138248
19;4;spruce;2017;2.34051522138248
19;4;spruce;2018;2.34051522138248
19;4;spruce;2019;2.34051522138248
19;4;spruce;2020;2.34051522138248
19;4;spruce;2021;2.34051522138248
19;4;deciduous;2015;3.94598624189877
19;4;deciduous;2016;3.94598624189877
19;4;deciduous;2017;3.94598624189877
19;4;deciduous;2018;3.94598624189877
19;4;deciduous;2019;3.94598624189877
19;4;deciduous;2020;3.94598624189877
19;4;deciduous;2021;3.94598624189877
19;6;pine;2015;7.1257646372
19;6;pine;2016;7.1257646372
19;6;pine;2017;7.1257646372
19;6;pine;2018;7.1257646372
19;6;pine;2019;7.1257646372
19;6;pine;2020;7.1257646372
19;6;pine;2021;7.1257646372
19;6;spruce;2015;0.6292364992
19;6;spruce;2016;0.6292364992
19;6;spruce;2017;0.6292364992
19;6;spruce;2018;0.6292364992
19;6;spruce;2019;0.6292364992
19;6;spruce;2020;0.6292364992
19;6;spruce;2021;0.6292364992
19;6;deciduous;2015;1.0765259426
19;6;deciduous;2016;1.0765259426
19;6;deciduous;2017;1.0765259426
19;6;deciduous;2018;1.0765259426
19;6;deciduous;2019;1.0765259426
19;6;deciduous;2020;1.0765259426
19;6;deciduous;2021;1.0765259426
19;7;pine;2015;1.8426575974
19;7;pine;2016;1.8426575974
19;7;pine;2017;1.8426575974
19;7;pine;2018;1.8426575974
19;7;pine;2019;1.8426575974
19;7;pine;2020;1.8426575974
19;7;pine;2021;1.8426575974
19;7;spruce;2015;0.1062572305
19;7;spruce;2016;0.1062572305
19;7;spruce;2017;0.1062572305
19;7;spruce;2018;0.1062572305
19;7;spruce;2019;0.1062572305
19;7;spruce;2020;0.1062572305
19;7;spruce;2021;0.1062572305
19;7;deciduous;2015;1.3578746668
19;7;deciduous;2016;1.3578746668
19;7;deciduous;2017;1.3578746668
19;7;deciduous;2018;1.3578746668
19;7;deciduous;2019;1.3578746668
19;7;deciduous;2020;1.3578746668
19;7;deciduous;2021;1.3578746668
21;1;pine;2015;0.3992695473
21;1;pine;2016;0.3992695473
21;1;pine;2017;0.3992695473
21;1;pine;2018;0.3992695473
21;1;pine;2019;0.3992695473
21;1;pine;2020;0.3992695473
21;1;pine;2021;0.3992695473
21;1;spruce;2015;11.874568865
21;1;spruce;2016;11.874568865
21;1;spruce;2017;11.874568865
21;1;spruce;2018;11.874568865
21;1;spruce;2019;11.874568865
21;1;spruce;2020;11.874568865
21;1;spruce;2021;11.874568865
21;1;deciduous;2015;23.576266261
21;1;deciduous;2016;23.576266261
21;1;deciduous;2017;23.576266261
21;1;deciduous;2018;23.576266261
21;1;deciduous;2019;23.576266261
21;1;deciduous;2020;23.576266261
21;1;deciduous;2021;23.576266261
21;2;pine;2015;6.50662676715078
21;2;pine;2016;6.50662676715078
21;2;pine;2017;6.50662676715078
21;2;pine;2018;6.50662676715078
21;2;pine;2019;6.50662676715078
21;2;pine;2020;6.50662676715078
21;2;pine;2021;6.50662676715078
21;2;spruce;2015;6.34609544777444
21;2;spruce;2016;6.34609544777444
21;2;spruce;2017;6.34609544777444
21;2;spruce;2018;6.34609544777444
21;2;spruce;2019;6.34609544777444
21;2;spruce;2020;6.34609544777444
21;2;spruce;2021;6.34609544777444
21;2;deciduous;2015;12.5439853786754
21;2;deciduous;2016;12.5439853786754
21;2;deciduous;2017;12.5439853786754
21;2;deciduous;2018;12.5439853786754
21;2;deciduous;2019;12.5439853786754
21;2;deciduous;2020;12.5439853786754
21;2;deciduous;2021;12.5439853786754
21;4;pine;2015;12.6139839870016
21;4;pine;2016;12.6139839870016
21;4;pine;2017;12.6139839870016
21;4;pine;2018;12.6139839870016
21;4;pine;2019;12.6139839870016
21;4;pine;2020;12.6139839870016
21;4;pine;2021;12.6139839870016
21;4;spruce;2015;0.817622030548881
21;4;spruce;2016;0.817622030548881
21;4;spruce;2017;0.817622030548881
21;4;spruce;2018;0.817622030548881
21;4;spruce;2019;0.817622030548881
21;4;spruce;2020;0.817622030548881
21;4;spruce;2021;0.817622030548881
21;4;deciduous;2015;1.5117044963509
21;4;deciduous;2016;1.5117044963509
21;4;deciduous;2017;1.5117044963509
21;4;deciduous;2018;1.5117044963509
21;4;deciduous;2019;1.5117044963509
21;4;deciduous;2020;1.5117044963509
21;4;deciduous;2021;1.5117044963509
21;6;pine;2015;16.735285567
21;6;pine;2016;16.735285567
21;6;pine;2017;16.735285567
21;6;pine;2018;16.735285567
21;6;pine;2019;16.735285567
21;6;pine;2020;16.735285567
21;6;pine;2021;16.735285567
21;6;spruce;2015;0
21;6;spruce;2016;0
21;6;spruce;2017;0
21;6;spruce;2018;0
21;6;spruce;2019;0
21;6;spruce;2020;0
21;6;spruce;2021;0
21;6;deciduous;2015;0.2680401514
21;6;deciduous;2016;0.2680401514
21;6;deciduous;2017;0.2680401514
21;6;deciduous;2018;0.2680401514
21;6;deciduous;2019;0.2680401514
21;6;deciduous;2020;0.2680401514
21;6;deciduous;2021;0.2680401514
21;7;pine;2015;0
21;7;pine;2016;0
21;7;pine;2017;0
21;7;pine;2018;0
21;7;pine;2019;0
21;7;pine;2020;0
21;7;pine;2021;0
21;7;spruce;2015;0
21;7;spruce;2016;0
21;7;spruce;2017;0
21;7;spruce;2018;0
21;7;spruce;2019;0
21;7;spruce;2020;0
21;7;spruce;2021;0
21;7;deciduous;2015;0
21;7;deciduous;2016;0
21;7;deciduous;2017;0
21;7;deciduous;2018;0
21;7;deciduous;2019;0
21;7;deciduous;2020;0
21;7;deciduous;2021;0
